"data_source","company_id","name","website","tier","symbol","phone","country","city","is_software","data_token","is_deleted"
"SCCM","4869","Barco","http://www.barco.com/","3","Private","32-56-233211","Belgium","Kortrijk","Y","7932496990","false"
"SCCM","4896","Belkin International","http://www.belkin.com/","3","Private","1-800-223-5546","United States","Compton","Y","7932496990","false"
"SCCM","5104","Carlson Software","http://www.carlsonsw.com/","3","","1-800-989-5028","United States","Maysville","Y","7932496990","false"
"SCCM","5224","Citrix","http://www.citrix.com/","1","CTXS","954-267-3000","United States","Fort Lauderdale","Y","7932496990","false"
"SCCM","5380","ConnectWise","http://www.connectwise.com/","3","","813.463.4700","United States","Tampa","Y","7932496990","false"
"SCCM","5472","Creative","http://www.creative.com/","3","CREAF","65-68954000","Singapore","Singapore","Y","7932496990","false"
"SCCM","7061","Lexmark","http://www.lexmark.com/","2","Private","859-232-2000","United States","Lexington","Y","7932496990","false"
"SCCM","8131","Progress","http://www.progress.com/","3","PRGS","781-280-4000","United States","Bedford","Y","7932496990","false"
"SCCM","8433","Salesforce","http://www.salesforce.com/","1","CRM","1-415-9017000","United States","San Francisco","Y","7932496990","false"
"SCCM","8737","Sophos","http://www.sophos.com/","3","Private","","","","Y","7932496990","false"
"SCCM","9156","Sage","http://www.sage.com/","2","SGE","44-191-2943000","United Kingdom","Newcastle upon Tyne","Y","7932496990","false"
"SCCM","13670","Carrier","http://www.carrier.com/","3","CARR","1-860-674-3000","United States","Farmington","Y","7932496990","false"
"SCCM","16547","Samsung","http://www.samsung.com/","1","Private","82-2-727-7114","South Korea","Seoul","Y","7932496990","false"
"SCCM","593644","SystemTools Software","http://www.systemtools.com","3","Private","1-830-779-2349","United States","La Vernia","Y","7932496990","false"
"SCCM","1061456","Marvell","http://www.marvelltechnology.com/","2","MRVL","(441) 296-6395","United Kingdom","Hamilton","Y","7932496990","false"
"SCCM","1062756","Cirrus Logic","http://www.cirrus.com/","3","CRUS","","","","Y","7932496990","false"
"SCCM","1073154","Accruent","http://www.accruent.com/","3","Private","1-310-526-5700","United States","Santa Monica","Y","7932496990","false"
"SCCM","1114768","Acro Software","http://www.cutepdf.com/","3","","","United States","Haymarket","Y","7932496990","false"
"SCCM","1123943","NewSoft","http://www.newsoftinc.com","3","","","China","Taipei","Y","7932496990","false"
"SCCM","1127133","T-Mobile USA","http://www.t-mobile.com","3","","","","","Y","7932496990","false"
"SCCM","1133977","PDFlib","http://www.pdflib.com","3","","+49 89 452 33 84-0","Germany","Munich","Y","7932496990","false"
"SCCM","1206642","Thales Group","http://www.thalesgroup.com/","3","HO","+33 (0) 1 57 77 80 00","France","Paris","Y","7932496990","false"
"SCCM","1296362","AnyDWG Software","http://anydwg.com/","3","","1-952-646-5331","United States","Eden Prairie","Y","7932496990","false"
"SCCM","1336411","Kodak","http://www.kodak.com","1","KODK","1-585-724-4000","United States","Rochester","Y","7932496990","false"
"SCCM","1464928","Firebird","http://www.firebirdsql.org","3","","","","","Y","7932496990","false"
"SCCM","1638213","VSoft Technologies","http://www.finalbuilder.com","3","Private","+61 2 6282 7488","","","Y","7932496990","false"
"SCCM","1663997","Enigma Software Group","http://www.enigmasoftware.com/","3","Private","","","","Y","7932496990","false"
"SCCM","1704066","Insight Software Solutions","http://www.wintools.com/","3","Private","","","","Y","7932496990","false"
"SCCM","1718204","SoftPerfect Research","https://www.softperfect.com/","3","Private","","Australia","Brisbane","Y","7932496990","false"
"SCCM","1726449","Devart","http://www.devart.com/","3","Private","","","","Y","7932496990","false"
"SCCM","1728760","SQL Solutions","http://www.sqlsolutions.com/","3","Private","","","","Y","7932496990","false"
"SCCM","1743251","CONVAR","http://www.convar.com/","3","Private","","","","Y","7932496990","false"
"SCCM","1743302","Raxco Software","http://www.raxco.com/","3","Private","+1 301-527-0803","","Gaithersburg","Y","7932496990","false"
"SCCM","6411010","Hilgraeve","http://www.hilgraeve.com/","3","Private","","","","Y","7932496990","false"
"SCCM","7334794","FastStone","http://www.faststone.org/","3","Private","","","","Y","7932496990","false"
"SCCM","7507226","SAPIEN Technologies","http://www.sapien.com/","3","Private","+1 707-252-8700","","","Y","7932496990","false"
"SCCM","7508436","Visualware","http://www.visualware.com/","3","Private","","","","Y","7932496990","false"
"SCCM","8708591","ERI Economic Research Institute","http://www.erieri.com/","3","Private","","","","Y","7932496990","false"
"SCCM","8727706","Blurb","http://www.blurb.com/","3","Private","","","","Y","7932496990","false"
"SCCM","8728067","LAME","http://lame.sourceforge.net/","3","Private","","","","Y","7932496990","false"
"SCCM","8731128","Thomson Reuters","http://thomsonreuters.com/","3","TRI","+1 646-223-4354","United States","New York","Y","7932496990","false"
"SCCM","8734806","Net-SNMP","http://net-snmp.sourceforge.net/","3","Private","","","","Y","7932496990","false"
"SCCM","8738457","FormBreeze.com","http://www.formbreeze.com/","3","Private","","","","Y","7932496990","false"
"SCCM","8745257","Blizzard Entertainment","www.blizzard.com/","3","Private","","","","Y","7932496990","false"
"SCCM","8745636","WinWGet Team","http://www.cybershade.us/winwget/","3","Private","","","","Y","7932496990","false"
"SCCM","9211957","PreEmptive Solutions","http://www.preemptive.com","3","Private","+1 440.443.7200","United States","Mayfield Village","Y","7932496990","false"
"SCCM","11391461","Veeam","http://www.veeam.com/","3","Private","+41 41 766 71 31","","","Y","7932496990","false"
"SCCM","11407694","Acunetix","http://www.acunetix.com/","3","Private","44-0-330-202-0190","Malta","Mriehel","Y","7932496990","false"
"SCCM","11409580","Safe Software","http://www.safe.com/","3","Private","1-604-501-9985","Canada","Surrey","Y","7932496990","false"
"SCCM","11410664","BackOffice Associates","http://www.boaweb.com","3","Private","","","","Y","7932496990","false"
"SCCM","14901941","4Team","http://www.4team.biz/","3","","1-954-796-8161","United States","Coral Springs","Y","7932496990","false"
"SCCM","14908820","Wondershare","http://www.wondershare.com/","3","Private","","China","Shenzhen","Y","7932496990","false"
"SCCM","14938506","Shane Richards","http://www.inputdirector.com","3","","","","","Y","7932496990","false"
"SCCM","16287956","Impresys","http://www.demomate.com/","3","Private","","","","Y","7932496990","false"
"SCCM","17974471","Softgauge.com","http://www.softgauge.com/","3","Private","","","","Y","7932496990","false"
"SCCM","18126775","Password Solutions","http://www.password-solutions.com/","3","Private","","","","Y","7932496990","false"
"SCCM","18147116","ContextMagic.com","http://www.contextmagic.com/","3","Private","","Canada","Vancouver","Y","7932496990","false"
"SCCM","24248774","Marius Milner","http://www.stumbler.net/","3","Private","","","","Y","7932496990","false"
"SCCM","24984779","Devolutions","http://remotedesktopmanager.com","3","","+1 514-360-3686","","Lavaltrie","Y","7932496990","false"
"SCCM","25254608","GBOOKSDOWNLOADER.COM","http://www.gbooksdownloader.com/","3","Private","","","","Y","7932496990","false"
"SCCM","25257002","Empty Loop","http://www.emptyloop.com/","3","","","","","Y","7932496990","false"
"SCCM","26029464","DocuWare","http://www.docuware.com/","3","Private","","","","Y","7932496990","false"
"SCCM","26142810","Daktronics","http://www.daktronics.com","3","DAKT","+1 800-800-3258","","","Y","7932496990","false"
"SCCM","26353020","Galaxy Technologies","https://gns3.com/","3","Private","","","","Y","7932496990","false"
"SCCM","27455345","Rational Acoustics","http://www.rationalacoustics.com/","3","Private","","","","Y","7932496990","false"
"SCCM","27938587","LogMeTT","http://www.logmett.com","3","","","","","Y","7932496990","false"
"SCCM","28067630","EtruSoft","http://www.etrusoft.com","3","","","","","Y","7932496990","false"
"SCCM","29678493","Loaris","http://www.loaris.com/","3","Private","","Bulgaria","Varna","Y","7932496990","false"
"SCCM","33957677","Emsisoft","http://www.emsisoft.com/","3","Private","","","","Y","7932496990","false"
"SCCM","38667871","MPC-HC","https://mpc-hc.org/","3","Private","","","","Y","7932496990","false"
"SCCM","38785652","FlameRobin Project","http://www.flamerobin.org/","3","Private","","","","Y","7932496990","false"
"SCCM","48334529","Codec Guide","http://codecguide.com/","3","Private","","","","Y","7932496990","false"
"SCCM","48636787","Digital Metaphors","http://www.digital-metaphors.com/","3","","+1 214-239-9471","","","Y","7932496990","false"
"SCCM","51131169","Disc Soft","http://www.disc-soft.com/home","3","Private","","","","Y","7932496990","false"
"SCCM","51185107","Sharegate","http://en.share-gate.com/","3","Priate","1-888-444-3168","Canada","Montreal","Y","7932496990","false"
"SCCM","51258781","Kephyr","http://www.kephyr.com/","3","Private","","","","Y","7932496990","false"
"SCCM","51461568","Easy2Convert Software","http://www.easy2convert.com/","3","Private","","","","Y","7932496990","false"
"SCCM","51874949","RealWorld Graphics","http://www.rw-designer.com","3","Private","","","","Y","7932496990","false"
"SCCM","51906905","Xlight ftpd","https://www.xlightftpd.com/","3","Private","","","","Y","7932496990","false"
"SCCM","55039103","HCL","http://www.hcltech.com/","3","HCLTECH","","","","Y","7932496990","false"
"SCCM","55072079","LogRhythm","https://www.logrhythm.com/","3","Private","","","","Y","7932496990","false"
"SCCM","64905490","CDex","http://cdexos.sourceforge.net/","3","Private","","","","Y","7932496990","false"
"SCCM","66129691","OSGeo","http://www.osgeo.org/","3","Private","","","","Y","7932496990","false"
"SCCM","66429495","Titania","https://www.titania.com","3","Private","","","","Y","7932496990","false"
"SCCM","66979278","ImageGlass.org","http://www.imageglass.org/","3","Private","","","","Y","7932496990","false"
"SCCM","70213871","Enterprise Distributed Technologies","http://enterprisedt.com/","3","Private","+61 7 30538544","Australia","","Y","7932496990","false"
"SCCM","70518604","Zap Technology","https://www.zapbi.com/","3","Private","","","","Y","7932496990","false"
"SCCM","75046159","Satisfice","http://www.satisfice.com/","3","Private","","","","Y","7932496990","false"
"SCCM","78516487","Leo Lewis","http://sourceforge.net/u/leolewis/profile/","3","Private","","","","Y","7932496990","false"
"SCCM","80692618","WareCentral","http://www.warecentral.com/","3","Private","","","","Y","7932496990","false"
"SCCM","96203889","Hand-Crafted Software","http://www.handcraftedsoftware.org/","3","Private","","","","Y","7932496990","false"
"SCCM","102558153","Sakysoft","http://www.burn4free.com/","3","Private","","","","Y","7932496990","false"
"SCCM","104613890","P.I. Engineering","http://xkeys.com/","3","Private","1-517-655-5523","United States","Williamston","Y","7932496990","false"
"SCCM","106067740","Evergreen Interactive Systems","http://www.evergreeninteractive.com/","3","Private","","","","Y","7932496990","false"
"SCCM","106467324","GlavSoft","http://www.tightvnc.com/development.php","3","Private","","","","Y","7932496990","false"
"SCCM","109017573","Easeware Technology","https://www.drivereasy.com/","3","Private","","","","Y","7932496990","false"
"SCCM","109484386","ECi Software Solutions","http://ecisolutions.com/","3","Private","","","","Y","7932496990","false"
"SCCM","112290218","Cybertron Software","http://www.cybertronsoft.com/","3","Private","","","","Y","7932496990","false"
"SCCM","115554519","Borvid","http://www.httpmaster.net/","3","Private","","","","Y","7932496990","false"
"SCCM","123474516","Boeing","http://www.boeing.com/","3","NYSE: BA","","","","Y","7932496990","false"
"SCCM","137788443","XnSoft","http://www.xnview.com/en/","3","Private","","","","Y","7932496990","false"
"SCCM","170266655","FonePaw Technology","http://www.fonepaw.com/","3","Private","","","","Y","7932496990","false"
"SCCM","186121263","Accelerite","https://accelerite.com/","3","Private","(877) 341-7342","","","Y","7932496990","false"
"SCCM","186509509","Accountable2You","https://www.accountable2you.com","3","Private","","","","Y","7932496990","false"
"SCCM","199478463","GN Store Nord","http://www.gn.com/","3","GN","+45 45 75 00 00","Denmark","Ballerup","Y","7932496990","false"
"SCCM","248060879","ArduPilot Dev Team","http://ardupilot.org/ardupilot/index.html","3","Private","","","","Y","7932496990","false"
"SCCM","248064142","DeepSoftware","http://www.deepsoftware.com/index.html","3","Private","+7 913 822-01-82","","","Y","7932496990","false"
"SCCM","253957260","Winnydows","http://winnydows.com/en","3","Private","","","","Y","7932496990","false"
"SCCM","289449400","AFMG Technologies","http://www.afmg.eu/index.php/company.html","3","Private","","","","Y","7932496990","false"
"SCCM","292172488","Yubico","https://www.yubico.com/","3","Private","+1 844-205-6787","United States","Palo Alto","Y","7932496990","false"
"SCCM","355956050","U.S. Census Bureau","https://www.census.gov/en.html","3","Private","","","","Y","7932496990","false"
"SCCM","414600565","Nortek Security & Control","https://www.nortekcontrol.com/","3","Private","800-421-1587","United States","Carlsbad","Y","7932496990","false"
"SCCM","439159595","PDQ.com","https://www.pdq.com/","3","Private","+1 801-657-4657","","Salt Lake City","Y","7932496990","false"
"SCCM","478641162","Faithlife","https://faithlife.com/","3","Private","800-875-6467","United States","Bellingham","Y","7932496990","false"
"SCCM","537527008","Flexera","http://www.flexerasoftware.com/","2","Private","1-847-466-4000","United States","Itasca","Y","7932496990","false"
"SCCM","581883917","Novawave","https://novawave.ca/","3","Private","","","","Y","7932496990","false"
"SCCM","585436991","Chris Dziemborowicz","https://chris.dziemborowicz.com/","3","Private","","","","Y","7932496990","false"
"SCCM","587079813","CruiseControl.NET Project, The","https://github.com/ccnet/CruiseControl.NET","3","Private","","","","Y","7932496990","false"
"SCCM","587381984","The Vassal Team","http://www.vassalengine.org","3","Private","","","","Y","7932496990","false"
"SCCM","602655919","True Audio","https://www.trueaudio.com/index.htm","3","Private","865-494-3388","United States","Andersonville","Y","7932496990","false"
"SCCM","640655686","San Francisco Marketing Group","https://www.navpak.com/","3","Private","800-707-1011","United States","Sausalito","Y","7932496990","false"
"SCCM","682502705","insightsoftware","https://www.insightsoftware.com/","3","Private","","United States","Raleigh","Y","7932496990","false"
"SCCM","683869840","Nuts About Nets","http://nutsaboutnets.com","3","Private","","United States","Bellevue","Y","7932496990","false"
"SCCM","696000975","Graduate Management Admission Council","https://www.mba.com/","3","Private","+1 (800) 717-GMAT (4628)","","","Y","7932496990","false"
"SCCM","812951893","A.C. Entertainment Technologies","https://www.ac-et.com/","3","Private","(+44) 01494 446000","United Kingdom","Buckinghamshire","Y","7932496990","false"
"SCCM","826308572","Aspiro","https://tidal.com/","3","Private","","United States","New York","Y","7932496990","false"
"SCCM","863250307","MEGA","https://mega.nz","3","Private","","New Zealand","Auckland","Y","7932496990","false"
"SCCM","873063850","Xvid","https://www.xvid.com/privacy/","3","Private","","","","Y","7932496990","false"
"SCCM","873600427","SeriousBit","https://seriousbit.com/","3","Private","+37379453294","M?ld?v?","Chisin?u","Y","7932496990","false"
"SCCM","965421089","Poly","https://www.poly.com/","2","NYSE: PLT","831-426-5858","United States","Santa Cruz","Y","7932496990","false"
"SCCM","969116574","NortonLifeLock","https://www.nortonlifelock.com/","3","NLOK","1-800-543-3562","United States","Tempe","Y","7932496990","false"
"SCCM","973326641","Ezvid","https://www.ezvid.com/","3","Private","","","","Y","7932496990","false"
"SCCM","974534691","freeisocreator","http://www.freeisocreator.com/","3","Private","","","","Y","7932496990","false"
"SCCM","989238318","Mipony","https://mipony.net/","3","Private","","","","Y","7932496990","false"
"SCCM","999519389","Intrado","https://www.intrado.com/","3","Private","800.232.0900","United States","Omaha","Y","7932496990","false"
"SCCM","1015102628","Christian Hohnstaedt","https://hohnstaedt.de/xca/index.php","3","Private","","","","Y","7932496990","false"
"SCCM","1018216778","RSA","https://www.rsa.com/","3","Private","1.800.995.5095","United States","Bedford","Y","7932496990","false"
"SCCM","1029783599","MiniTool Software","https://www.minitool.com/","3","Private","1-800-789-8263","Canada","Vancouver","Y","7932496990","false"
"SCCM","1032485924","ExtendOffice","https://www.extendoffice.com/","3","Private","0898 6853 3792","China","Haikou","Y","7932496990","false"
"SCCM","1048665483","Nlitesoft","https://www.ntlite.com/","3","Private","","Croatia","Velika Gorica","Y","7932496990","false"
"SCCM","1065966042","PostSharp Technologies","http://www.sharpcrafters.com/","3","Private","+420 270 007 790","Czechia","Prague","Y","7932496990","false"
"SCCM","1080836683","Revenera","https://www.revenera.com/","2","Private","+1.800.374.4353","United States","","Y","7932496990","false"
"SCCM","1097207898","Thibaut Lauziere","https://www.linuxliveusb.com/","3","private","","","","Y","7932496990","false"
"SCCM","1107230077","UKG","https://www.ukg.com/","3","Private","+1 800 432 1729","United States","Weston","Y","7932496990","false"
"SCCM,SNOW","4353","ActiveState","http://www.activestate.com/","3","Private","1-778-786-1100","Canada","Vancouver","Y","7932496990","false"
"SCCM,SNOW","4611","Apple","http://www.apple.com/","1","AAPL","408-996-1010","United States","Cupertino","Y","7932496990","false"
"SCCM,SNOW","4661","ArcSoft","http://www.arcsoft.com/en/","3","","510-440-9901","United States","Fremont","Y","7932496990","false"
"SCCM,SNOW","4731","AT&T","http://www.att.com/","1","T","1-210-8214105","United States","Dallas","Y","7932496990","false"
"SCCM,SNOW","4785","Autodesk","http://usa.autodesk.com/","2","ADSK","415-507-5000","United States","San Rafael","Y","7932496990","false"
"SCCM,SNOW","4839","Axis Communications","http://www.axis.com","3","XSSE:AXIS","46-46-2721800","Sweden","Lund","Y","7932496990","false"
"SCCM,SNOW","5028","Brother Industries","http://www.brother.com/","2","TYO:6448","81-52-8242511","Japan","Nagoya-shi","Y","7932496990","false"
"SCCM,SNOW","5084","Canon","http://www.canon.com/","1","CAJ","81-3-37582111","Japan","Tokyo","Y","7932496990","false"
"SCCM,SNOW","5108","CaseWare International","http://www.caseware.com/","3","Private","","","","Y","7932496990","false"
"SCCM,SNOW","5182","Check Point Software Technologies","http://www.checkpoint.com/","2","CHKP","+44-114-478-2845","Israel","Tel Aviv","Y","7932496990","false"
"SCCM,SNOW","5220","Cisco Systems","http://www.cisco.com/","1","CSCO","408-526-4000","United States","San Jose","Y","7932496990","false"
"SCCM,SNOW","5423","Corel","http://www.corel.com/","2","Private","877-582-6735","Canada","Ottawa","Y","7932496990","false"
"SCCM,SNOW","5513","CyberArk Software","http://www.cyberark.com/","3","Private","1-888-808-9005","United States","Newton","Y","7932496990","false"
"SCCM,SNOW","5546","Dassault Systemes","http://www.3ds.com/","2","DASTY","33-1-61626162","France","Velizy-Villacoublay","Y","7932496990","false"
"SCCM,SNOW","5588","DataViz","http://www.dataviz.com/","3","Private","1-203-874-0085","United States","Milford","Y","7932496990","false"
"SCCM,SNOW","5867","EMBARCADERO","http://www.embarcadero.com/","3","Private","415-834-3131","United States","San Francisco","Y","7932496990","false"
"SCCM,SNOW","5975","Epson America","http://www.epson.com/cgi-bin/Store/index.jsp?ref=haa","2","Private","562-981-3840","United States","Long Beach","Y","7932496990","false"
"SCCM,SNOW","6184","Fluke Networks","http://www.flukenetworks.com","3","Private","425-347-6100","United States","Everett","Y","7932496990","false"
"SCCM,SNOW","6218","Free Software Foundation","http://www.fsf.org/","3","","1-617-542-5942","United States","Boston","Y","7932496990","false"
"SCCM,SNOW","6245","Fujitsu","http://www.fujitsu.com/","1","OTC:FJTSY","81-3-6252-2220","Japan","Tokyo","Y","7932496990","false"
"SCCM,SNOW","6275","Garmin","http://www.garmin.com/","2","GRMN","913-397-8200","United States","Olathe","Y","7932496990","false"
"SCCM,SNOW","6517","IBM","http://www.ibm.com","1","IBM","1-800-426-4968","United States","Armonk","Y","7932496990","false"
"SCCM,SNOW","6536","Idera","http://www.idera.com/","3","Private","713.523.4433","United States","Houston","Y","7932496990","false"
"SCCM,SNOW","6720","Intel","http://www.intel.com","1","INTC","1-408-7658080","United States","Santa Clara","Y","7932496990","false"
"SCCM,SNOW","6798","Intuit","http://www.intuit.com/","1","INTU","650-944-6000","United States","Mountain View","Y","7932496990","false"
"SCCM,SNOW","7020","Lantronix","http://www.lantronix.com/","3","LTRX","","","","Y","7932496990","false"
"SCCM,SNOW","7116","Logitech","http://www.logitech.com/","2","LOGI","510-795-8500","United States","Newark","Y","7932496990","false"
"SCCM,SNOW","7233","Matrox Electronic Systems","http://www.matrox.com/","3","Private","(514) 822-6000","Canada","Montreal","Y","7932496990","false"
"SCCM,SNOW","7256","McAfee","http://www.mcafee.com/","1","Private","1-408-988-3832","United States","Santa Clara","Y","7932496990","false"
"SCCM,SNOW","7343","Micro Focus","http://www.microfocus.com/","1","MCRO","301-838-5000","United States","Rockville","Y","7932496990","false"
"SCCM,SNOW","7365","Microsoft","http://www.microsoft.com","1","MSFT","425-882-8080","United States","Redmond","Y","7932496990","false"
"SCCM,SNOW","7397","Minitab","http://www.minitab.com/","2","Private","814-238-3280","United States","State College","Y","7932496990","false"
"SCCM,SNOW","7435","Kofax","http://www.kofax.com/","3","Private","","","","Y","7932496990","false"
"SCCM,SNOW","7573","NETGEAR","http://www.netgear.com/","2","NTGR","1-408-9078000","United States","San Jose","Y","7932496990","false"
"SCCM,SNOW","7597","NetSupport","http://www.netsupportsoftware.com/","3","Private","+44 1778 382270","","Peterborough","Y","7932496990","false"
"SCCM,SNOW","7796","OpenText","http://www.opentext.com","2","OTEX","1-800-499-6544","Canada","Waterloo","Y","7932496990","false"
"SCCM,SNOW","7809","Opera Software","http://www.opera.com/","3","Private","","","","Y","7932496990","false"
"SCCM,SNOW","7835","Oracle","http://www.oracle.com","1","ORCL","1-800-633-0738","United States","Redwood City","Y","7932496990","false"
"SCCM,SNOW","8076","NVIDIA","http://www.nvidia.com","3","NVDA","1+ (408) 486-2000","United States","Santa Clara","Y","7932496990","false"
"SCCM,SNOW","8323","BlackBerry","http://www.blackberry.com/","1","NYSE: BB","(519) 888-7465","Canada","Waterloo","Y","7932496990","false"
"SCCM,SNOW","8458","SAP","http://www.sap.com","1","SAP","49-62-27747474","Germany","Walldorf","Y","7932496990","false"
"SCCM,SNOW","8465","SAS Institute","http://www.sas.com/","2","Private","919-677-8000","United States","Cary","Y","7932496990","false"
"SCCM,SNOW","8514","Seagate Technology","http://www.seagate.com/","1","STX","831-438-6550","United States","Cupertino","Y","7932496990","false"
"SCCM,SNOW","8541","Epson","http://www.epson.co.jp/e/","3","Private","","Japan","Nagano","Y","7932496990","false"
"SCCM,SNOW","8676","Smith Micro Software","http://www.smithmicro.com/","3","SMSI","+1 412-837-5300","","Pittsburgh","Y","7932496990","false"
"SCCM,SNOW","9030","TechSmith","http://www.techsmith.com/","2","Private","+1 (517) 381-2300","United States","Okemos","Y","7932496990","false"
"SCCM,SNOW","9091","Tenable","http://www.tenablesecurity.com/","3","Private","+1 (410) 872-0555","United States","Columbia","Y","7932496990","false"
"SCCM,SNOW","9121","Apache Software Foundation","http://www.apache.org/","1","Private","1-410-420-0140","United States","Forest Hill","Y","7932496990","false"
"SCCM,SNOW","9199","TimeValue Software","http://www.timevalue.com/","3","Private","","","","Y","7932496990","false"
"SCCM,SNOW","9272","Trend Micro","http://www.trendmicro.com/","2","TMIC","81-3-53344899","Japan","Tokyo","Y","7932496990","false"
"SCCM,SNOW","9285","Trintech Group","http://www.trintech.com/","3","TTPA","+1 (800) 416-0075","United States","Addison","Y","7932496990","false"
"SCCM,SNOW","9292","Tripwire","http://www.tripwire.com/","3","","","","","Y","7932496990","false"
"SCCM,SNOW","9569","VMware","http://www.vmware.com/","1","VMW","1-877-486-9273","United States","Palo Alto","Y","7932496990","false"
"SCCM,SNOW","9662","Western Digital","http://www.wdc.com/en/","1","NYSE:WDC","1-949-6727000","United States","San Jose","Y","7932496990","false"
"SCCM,SNOW","9754","Xerox","http://www.xerox.com/","1","XRX","1-203-968-3000","United States","Norwalk","Y","7932496990","false"
"SCCM,SNOW","13756","Honeywell","http://www.honeywell.com/","1","NYSE:HON","973-455-2000","United States","Morris Town","Y","7932496990","false"
"SCCM,SNOW","13778","Kensington","http://www.kensington.com/","3","Private","","United States","San Mateo","Y","7932496990","false"
"SCCM,SNOW","13809","Massachusetts Institute of Technology","http://web.mit.edu/","3","Private","(617) 253-1000","United States","Cambridge","Y","7932496990","false"
"SCCM,SNOW","13829","OpenBSD","http://www.openbsd.org/","3","Private","","Canada","","Y","7932496990","false"
"SCCM,SNOW","13909","NTP Public Services Project","http://www.udel.edu/","3","Private","+1 302-831-2792","","Newark","Y","7932496990","false"
"SCCM,SNOW","13915","VanDyke Software","http://www.vandyke.com/","3","Private","505-332-5700","United States","Albuquerque","Y","7932496990","false"
"SCCM,SNOW","465846","RealVNC","http://www.realvnc.com","3","Private","0800 888 6410","United Kingdom","Cambridge","Y","7932496990","false"
"SCCM,SNOW","475460","WinRAR","http://www.rarlab.com/","1","Private","","Germany","Berlin","Y","7932496990","false"
"SCCM,SNOW","593569","Earth Networks","http://earthnetworks.com/","3","Private","301-417-5244","United States","Germantown","Y","7932496990","false"
"SCCM,SNOW","593620","Mozilla","http://www.mozilla.org/","1","Private","650-903-0800","United States","Mountain View","Y","7932496990","false"
"SCCM,SNOW","593636","SSH Communications Security","http://www.ssh.com/","3","Private","(781) 247-2100","United States","Waltham","Y","7932496990","false"
"SCCM,SNOW","593638","Schneider Electric","https://www.schneider-electric.us/en/","3","Private","","France","Paris","Y","7932496990","false"
"SCCM,SNOW","594348","Google","http://www.google.com/","1","Private","650-253-0000","United States","Mountain View","Y","7932496990","false"
"SCCM,SNOW","594406","Python Software Foundation","http://www.python.org/","3","Private","","United States","Wilmington","Y","7932496990","false"
"SCCM,SNOW","899442","H&R Block","http://www.hrblock.com/","2","NYSE:HRB","800-472-5625","United States","Kansas City","Y","7932496990","false"
"SCCM,SNOW","900655","Yahoo!","http://www.yahoo.com/","1","Private","408-349-3300","United States","Sunnyvale","Y","7932496990","false"
"SCCM,SNOW","921529","Verizon Communications","http://www22.verizon.com/","3","VZ","","United States","Columbia","Y","7932496990","false"
"SCCM,SNOW","922971","WinSCP","http://winscp.net/eng/index.php","3","Private","","Czechia","Prague","Y","7932496990","false"
"SCCM,SNOW","964465","Sony","http://www.sony.net/","1","SNE","81-3-67482111","Japan","Tokyo","Y","7932496990","false"
"SCCM,SNOW","993468","LG Electronics","http://www.lge.com/","1","066570","82-2-37771114","South Korea","Seoul","Y","7932496990","false"
"SCCM,SNOW","1054842","Broadcom","http://www.broadcom.com/","1","AVGO","949-926-5000","United States","Irvine","Y","7932496990","false"
"SCCM,SNOW","1054847","Zebra Technologies","http://www.zebra.com","3","ZBRA","847-634-6700","United States","Lincolnshire","Y","7932496990","false"
"SCCM,SNOW","1061255","Analog Devices","http://www.analog.com/","3","ADI","1-781-3294700","United States","Norwood","Y","7932496990","false"
"SCCM,SNOW","1061834","Advanced Micro Devices","http://www.amd.com/us-en/","3","AMD","1-408-7494000","United States","Santa Clara","Y","7932496990","false"
"SCCM,SNOW","1062101","FactSet Research Systems","http://www.factset.com/","3","FDS","1-203-8101000","United States","Norwalk","Y","7932496990","false"
"SCCM,SNOW","1071982","TomTom","http://www.tomtom.com/index.php?Language=1&TT=51f662644b956f3e7600bd8f14364bca","3","TOM2","","","","Y","7932496990","false"
"SCCM,SNOW","1075618","Sling Media","http://www.slingmedia.com","3","Private","","","","Y","7932496990","false"
"SCCM,SNOW","1076550","HTC","http://www.htc.com/index.htm","3","TPE:2498","","","","Y","7932496990","false"
"SCCM,SNOW","1076908","Axway","http://www.axway.com/","3","Private","1-480-627-1800","United States","Phoenix","Y","7932496990","false"
"SCCM,SNOW","1114765","pdfforge","http://www.pdfforge.org","3","","","","","Y","7932496990","false"
"SCCM,SNOW","1129697","Nitro","https://www.gonitro.com/","3","","","","","Y","7932496990","false"
"SCCM,SNOW","1133969","Foxit","http://www.foxitsoftware.com","3","","510-438-9090","United States","Fremont","Y","7932496990","false"
"SCCM,SNOW","1133970","Artifex Software","http://www.artifex.com","3","","1-415-492-9861","United States","San Rafael","Y","7932496990","false"
"SCCM,SNOW","1133975","Softland","http://www.novapdf.com","3","Private","0040-364-401338","Romania","Cluj-Napoca","Y","7932496990","false"
"SCCM,SNOW","1206238","DYMO","http://www.dymo.com/en-US","3","","1-877-724-8324","United States","Stamford","Y","7932496990","false"
"SCCM,SNOW","1218350","Belarc","http://www.belarc.com/","3","","+1 978-461-1100","United States","Maynard","Y","7932496990","false"
"SCCM,SNOW","1292099","TrueCrypt Foundation","http://www.truecrypt.org/","3","Private","","United States","","Y","7932496990","false"
"SCCM,SNOW","1342323","Nmap","https://nmap.org/","3","Private","","United States","Seattle","Y","7932496990","false"
"SCCM,SNOW","1378184","Wireshark","http://www.wireshark.org/","3","Private","","United States","Davis","Y","7932496990","false"
"SCCM,SNOW","1379077","NCH Software","http://www.nchsoftware.com/","3","Private","","","","Y","7932496990","false"
"SCCM,SNOW","1394491","ParetoLogic","http://www.paretologic.com/","3","Private","","","","Y","7932496990","false"
"SCCM,SNOW","1395177","CyberLink","http://www.cyberlink.com/","3","TPE:5203","886-2-86671298","China","Shindian","Y","7932496990","false"
"SCCM,SNOW","1407434","SolarWinds","http://www.solarwinds.com/","2","NYSE: SWI","1-512-682-9300","United States","Austin","Y","7932496990","false"
"SCCM,SNOW","1464964","GIMP","http://www.gimp.org/","3","","","","","Y","7932496990","false"
"SCCM,SNOW","1468182","Inkscape","http://www.inkscape.org/","3","","","","","Y","7932496990","false"
"SCCM,SNOW","1471035","Audacity","http://audacity.sourceforge.net/","3","","","","","Y","7932496990","false"
"SCCM,SNOW","1471055","FreeMind","http://freemind.sourceforge.net/wiki/index.php/Main_Page","3","","","","","Y","7932496990","false"
"SCCM,SNOW","1471103","Tim Kosse","http://wiki.filezilla-project.org/Main_Page","3","","","Germany","Cologne","Y","7932496990","false"
"SCCM,SNOW","1524848","Dominik Reichl","http://keepass.info","3","","(0049) 0173 4621639","Germany","Metzingen","Y","7932496990","false"
"SCCM,SNOW","1527669","GNOME Project","http://www.gnome.org/","3","","(617) 206-3947","United States","Orinda","Y","7932496990","false"
"SCCM,SNOW","1529935","VideoLAN","http://www.videolan.org","3","","33 951 11 20 20","France","Paris","Y","7932496990","false"
"SCCM,SNOW","1531483","Igor Pavlov","http://www.7-zip.org","3","","","Russia","","Y","7932496990","false"
"SCCM,SNOW","1591399","Emco Software","http://www.emco.is","3","Private","1-646-233-1163","Iceland","Reykjavik","Y","7932496990","false"
"SCCM,SNOW","1604075","IDM Computer Solutions","http://www.ultraedit.com","3","Private","","","","Y","7932496990","false"
"SCCM,SNOW","1638194","Atlassian","http://www.atlassian.com","3","Private","61-2-9262-1443","Australia","Sydney","Y","7932496990","false"
"SCCM,SNOW","1638196","JetBrains","http://www.jetbrains.com","3","Private","","","","Y","7932496990","false"
"SCCM,SNOW","1638304","2BrightSparks","http://www.2brightsparks.com","3","Private","65-9833-2103","Singapore","Singapore","Y","7932496990","false"
"SCCM,SNOW","1638462","ABBYY","http://www.abbyy.com","3","Private","7-495-783-3700","United States","Moscow","Y","7932496990","false"
"SCCM,SNOW","1654703","Nero","http://www.nero.com","3","Private","","","","Y","7932496990","false"
"SCCM,SNOW","1658967","Code Sector","http://www.codesector.com","3","Private","","","","Y","7932496990","false"
"SCCM,SNOW","1710143","JAM Software","http://www.jam-software.com/","3","Private","49-651-145653-0","Germany","Trier","Y","7932496990","false"
"SCCM,SNOW","1713183","Lakeside Software","http://portal.lakesidesoftware.com/","3","Private","1 800 969 7717","United States","Bloomfield Hills","Y","7932496990","false"
"SCCM,SNOW","1713211","Malwarebytes","http://www.malwarebytes.org/","3","Private","","","","Y","7932496990","false"
"SCCM,SNOW","1717164","Red Gate Software","http://www.red-gate.com/","3","Private","+44 (0)1223 437 922","United Kingdom","Cambridge","Y","7932496990","false"
"SCCM,SNOW","1737587","Softerra","http://www.softerra.com/","3","Private","+1-800-277-5871","United States","Wilmington","Y","7932496990","false"
"SCCM,SNOW","1745304","CORPTAX","http://www.corptax.com/","3","Private","","","","Y","7932496990","false"
"SCCM,SNOW","1747772","Palisade","http://www.palisade.com/","3","Private","+1 607 277 8000","United States","Ithaca","Y","7932496990","false"
"SCCM,SNOW","1819646","KnowledgeLake","http://www.knowledgelake.com/","3","Private","1-888-898-0555","United States","Saint Louis","Y","7932496990","false"
"SCCM,SNOW","1927092","MAGIX","http://www.magix.com/","3","FRA:MGX","","","","Y","7932496990","false"
"SCCM,SNOW","6384509","Irfan Skiljan","http://www.irfanview.com/","3","Private","","Germany","","Y","7932496990","false"
"SCCM,SNOW","6635304","PC-Doctor","http://www.pc-doctor.com/","3","Private","+1 775-336-4000","","","Y","7932496990","false"
"SCCM,SNOW","6636071","Twitter","http://www.twitter.com/","3","TWTR","","","","Y","7932496990","false"
"SCCM,SNOW","6636892","Security Innovation","http://www.securityinnovation.com/","3","Private","+1 978-401-0705","","Wilmington","Y","7932496990","false"
"SCCM,SNOW","7326511","PrestoSoft","http://www.prestosoft.com/","3","Private","","","","Y","7932496990","false"
"SCCM,SNOW","7334795","ImageMagick Studio","http://www.imagemagick.org/","3","Private","","","","Y","7932496990","false"
"SCCM,SNOW","7337855","MagicISO","http://www.magiciso.com/","3","Private","","","","Y","7932496990","false"
"SCCM,SNOW","7338735","Helios Software Solutions","http://www.textpad.com/","3","Private","+44 (0)3302 210665","United Kingdom","Longridge","Y","7932496990","false"
"SCCM,SNOW","7338748","Just Great Software","http://www.just-great-software.com/","3","Private","","","","Y","7932496990","false"
"SCCM,SNOW","7350610","Don HO","http://notepad-plus.sourceforge.net/","3","Private","","France","","Y","7932496990","false"
"SCCM,SNOW","7352552","Canneverbe","http://cdburnerxp.se/","3","Private","","","","Y","7932496990","false"
"SCCM,SNOW","7355883","Gadwin Systems","http://www.gadwin.com/","3","Private","","","","Y","7932496990","false"
"SCCM,SNOW","7355919","WinMerge","http://winmerge.org/","3","Private","","","","Y","7932496990","false"
"SCCM,SNOW","7358822","Safer Networking","http://www.safer-networking.org/","3","Private","","","","Y","7932496990","false"
"SCCM,SNOW","7369949","OpenSSL Software Foundation","http://www.openssl.org/","3","Private","","United States","Adamstown","Y","7932496990","false"
"SCCM,SNOW","7412002","BitTorrent","http://www.bittorrent.com/","3","Private","","","","Y","7932496990","false"
"SCCM,SNOW","7490974","Maxthon International","http://www.maxthon.com/","3","Private","86 10 80699110","China","Beijing","Y","7932496990","false"
"SCCM,SNOW","7494148","Stardock","http://www.stardock.com/","3","Private","","","","Y","7932496990","false"
"SCCM,SNOW","7494213","Piriform","http://www.piriform.com/","3","Private","","","","Y","7932496990","false"
"SCCM,SNOW","7495072","CPUID","http://www.cpuid.com/","3","Private","","","","Y","7932496990","false"
"SCCM,SNOW","7505802","PHP Group","http://php.net/","3","Private","","","","Y","7932496990","false"
"SCCM,SNOW","8682659","Scooter Software","http://www.scootersoftware.com/","3","Private","+1 608-233-0240","United States","Madison","Y","7932496990","false"
"SCCM,SNOW","8686257","United Parcel Service of America","https://www.ups.com/us/en/global.page","3","NYSE:UPS","","","","Y","7932496990","false"
"SCCM,SNOW","8687679","Team UltraVNC","http://www.uvnc.com/","3","Private","","","","Y","7932496990","false"
"SCCM,SNOW","8694057","Zoho","https://www.zohocorp.com/","3","Private","","","","Y","7932496990","false"
"SCCM,SNOW","8705491","syntevo","http://www.syntevo.com/","3","Private","","","","Y","7932496990","false"
"SCCM,SNOW","8707809","Core FTP","http://www.coreftp.com/","3","Private","","","","Y","7932496990","false"
"SCCM,SNOW","8708473","Stevengould.org","http://www.stevengould.org/","3","Private","","","","Y","7932496990","false"
"SCCM,SNOW","8710055","Dropbox","https://www.dropbox.com/","3","Private","","","","Y","7932496990","false"
"SCCM,SNOW","8718545","Evernote","http://www.evernote.com/","3","Private","","United States","Redwood City","Y","7932496990","false"
"SCCM,SNOW","8722174","Adersoft","http://www.adersoft.com/","3","Private","33-140-261-741","France","Paris","Y","7932496990","false"
"SCCM,SNOW","8726152","A Must in Every Office","http://www.asap-utilities.com/contact.php","3","Private","31-68-154-2855","Netherlands","Zwolle","Y","7932496990","false"
"SCCM,SNOW","8727775","Amprobe Test Tools","http://www.amprobe.com/","3","Private","1-877-267-7623","United States","Everett","Y","7932496990","false"
"SCCM,SNOW","8729455","Bullzip","http://www.bullzip.com/","3","Private","","","","Y","7932496990","false"
"SCCM,SNOW","8730795","Impact Software","http://web.archive.org/web/20131019152505/http://www.impactsoft.com:80/","3","Private","","","","Y","7932496990","false"
"SCCM,SNOW","8733755","Simon Tatham","http://www.chiark.greenend.org.uk/~sgtatham/putty/","3","Private","","United Kingdom","Cambridge","Y","7932496990","false"
"SCCM,SNOW","8734648","Alexander Feinman","http://isorecorder.alexfeinman.com/","3","Private","","","","Y","7932496990","false"
"SCCM,SNOW","8738719","MOOII TECH","http://www.photoscape.org/","3","Private","","","","Y","7932496990","false"
"SCCM,SNOW","8740290","Nenad Hrg","http://www.softwareok.com/","3","Private","","","","Y","7932496990","false"
"SCCM,SNOW","8742492","Bloomberg","http://www.bloomberg.com/","3","Private","","","","Y","7932496990","false"
"SCCM,SNOW","8743639","Cygnus Productions","http://www.cygnusproductions.com/","3","Private","","","","Y","7932496990","false"
"SCCM,SNOW","8744064","Password Safe Project","http://passwordsafe.sourceforge.net/index.shtml","3","Private","","","","Y","7932496990","false"
"SCCM,SNOW","8744761","Zhorn Software","http://www.zhornsoftware.co.uk/","3","Private","","United Kingdom","","Y","7932496990","false"
"SCCM,SNOW","8746620","Tera Term Project","http://ttssh2.sourceforge.jp/index.html.en","3","Private","","","","Y","7932496990","false"
"SCCM,SNOW","8746754","Huw Millington","http://www.wingrep.com/","3","Private","","","","Y","7932496990","false"
"SCCM,SNOW","8746771","Parmavex Services","http://www.pxserver.com/","3","Private","","","","Y","7932496990","false"
"SCCM,SNOW","9194060","Bitvise","http://www.bitvise.com/","3","Private","","","","Y","7932496990","false"
"SCCM,SNOW","9450950","Info-ZIP","http://www.info-zip.org/","3","Private","","United States","","Y","7932496990","false"
"SCCM,SNOW","9450953","NUnit","http://www.nunit.org/","3","Private","","","","Y","7932496990","false"
"SCCM,SNOW","9864978","PostgreSQL Global Development Group","http://www.postgresql.org/","3","Private","","United States","","Y","7932496990","false"
"SCCM,SNOW","10013367","Automation Anywhere","http://www.automationanywhere.com/","3","Private","+1 888-484-3535","","San Jose","Y","7932496990","false"
"SCCM,SNOW","10027319","Syncfusion","http://www.syncfusion.com/","3","Private","","","","Y","7932496990","false"
"SCCM,SNOW","11390977","NetWrix","http://www.netwrix.com/","3","Private","+1 949-407-5125","","Irvine","Y","7932496990","false"
"SCCM,SNOW","11396801","Adaptive Micro Systems","http://www.adaptivedisplays.com/","3","Private","1-800-558-4187","United States","Milwaukee","Y","7932496990","false"
"SCCM,SNOW","11406999","QlikTech International","http://www.qlikview.com/","3","QLIK","1-888-828-9768","United States","Radnor","Y","7932496990","false"
"SCCM,SNOW","11407082","Respondus","http://www.respondus.com/","3","Private","","","","Y","7932496990","false"
"SCCM,SNOW","14908798","dotPDN","http://www.dotpdn.com/","3","Private","","","","Y","7932496990","false"
"SCCM,SNOW","14908848","NTeWORKS","http://www.picpick.org/","3","Private","","","","Y","7932496990","false"
"SCCM,SNOW","14923309","Balsamiq Studios","http://www.balsamiq.com/","3","Private","+1 (415) 367-3531","United States","Sacramento","Y","7932496990","false"
"SCCM,SNOW","14923544","Developer Express","https://www.devexpress.com/Products/NET/Controls/ASP/MVC/","3","Private","","","","Y","7932496990","false"
"SCCM,SNOW","14924140","IEInspector Software","http://www.ieinspector.com/","3","Private","","","","Y","7932496990","false"
"SCCM,SNOW","14927108","R Foundation","http://www.r-project.org/","3","Private","(+43 1) 31336 4754","Austria","Vienna","Y","7932496990","false"
"SCCM,SNOW","14936184","TortoiseSVN","http://tortoisesvn.net/","3","Private","","","","Y","7932496990","false"
"SCCM,SNOW","14938696","June Fabrics","http://www.junefabrics.com","3","Private","","","","Y","7932496990","false"
"SCCM,SNOW","14938718","MiKTeX Project","http://miktex.org","3","","","","","Y","7932496990","false"
"SCCM,SNOW","14938768","NTWind Software","http://www.ntwind.com","3","Private","","","","Y","7932496990","false"
"SCCM,SNOW","14938863","Amazon","http://www.amazon.com","1","AMZN","1-206-2661000","United States","Seattle","Y","7932496990","false"
"SCCM,SNOW","14938916","U2U","http://www.u2u.be/","3","Private","+32 2 466 00 16","","","Y","7932496990","false"
"SCCM,SNOW","14938917","Symbol Click","http://symbolclick.com/index.htm","3","Private","+1.917.698.2141","United States","New York","Y","7932496990","false"
"SCCM,SNOW","14943398","Toggl","http://www.toggl.com/","3","Private","","","","Y","7932496990","false"
"SCCM,SNOW","14953417","TeamViewer","http://www.teamviewer.com/","3","Private","+49 7161 6069250","","","Y","7932496990","false"
"SCCM,SNOW","15706973","SmartBear Software","http://smartbear.com/","3","Private","+1 (617) 684-2600","United States","Somerville","Y","7932496990","false"
"SCCM,SNOW","16290946","JGoodies Software","http://www.jgoodies.com/","3","Private","+49 431 18761","Germany","Kiel","Y","7932496990","false"
"SCCM,SNOW","18346735","LIGHTNING UK!","http://www.imgburn.com/","3","Private","","","","Y","7932496990","false"
"SCCM,SNOW","19955966","GnuWin32","http://gnuwin32.sourceforge.net/","3","Private","","","","Y","7932496990","false"
"SCCM,SNOW","19969479","CamStudio Team","http://camstudio.org/","3","Private","","","","Y","7932496990","false"
"SCCM,SNOW","21643797","VS Revo Group","http://www.revouninstaller.com/","3","Private","","","","Y","7932496990","false"
"SCCM,SNOW","23445055","HowTo-Outlook","http://www.howto-outlook.com/","3","Private","","","","Y","7932496990","false"
"SCCM,SNOW","23620267","LogMeIn","https://www.logmein.com/","3","LOGM","","United States","Boston","Y","7932496990","false"
"SCCM,SNOW","23651747","YouNeedABudget.com","http://www.youneedabudget.com/","3","Private","","","","Y","7932496990","false"
"SCCM,SNOW","23750615","Binary Fortress Software","http://www.binaryfortress.com/","3","Private","","Canada","","Y","7932496990","false"
"SCCM,SNOW","23789224","RStudio","http://rstudio.org/","3","Private","+1 844-448-1212","","Boston","Y","7932496990","false"
"SCCM,SNOW","23911092","MongoDB","http://www.mongodb.com/","3","Private","","","","Y","7932496990","false"
"SCCM,SNOW","24245831","Splunk","http://www.splunk.com/","3","Private","+1 415.848.8400","United States","San Francisco","Y","7932496990","false"
"SCCM,SNOW","24248926","Nintex","http://www.nintex.com","3","Private","+1 (425) 324 2400","United States","Bellevue","Y","7932496990","false"
"SCCM,SNOW","24249389","Pegacat","http://jxplorer.org/","3","Private","","","","Y","7932496990","false"
"SCCM,SNOW","24252739","Git Project","http://git-scm.com/","3","Private","","","","Y","7932496990","false"
"SCCM,SNOW","24281869","Julian Seward","http://bzip.org/","3","Private","","United Kingdom","","Y","7932496990","false"
"SCCM,SNOW","24301427","New Relic","http://newrelic.com/","3","Private","","","","Y","7932496990","false"
"SCCM,SNOW","24982839","Prezi","http://prezi.com/","3","Private","","","","Y","7932496990","false"
"SCCM,SNOW","24989131","XMind","http://www.xmind.net/","3","Private","","","","Y","7932496990","false"
"SCCM,SNOW","25009580","Avigilon","http://www.avigilon.com/","3","Private","+1.888.281.5182","Canada","Vancouver","Y","7932496990","false"
"SCCM,SNOW","25231245","MetaGeek","http://www.metageek.net/","3","Private","","","","Y","7932496990","false"
"SCCM,SNOW","25250738","QGIS Development Team","http://qgis.org/","3","Private","","","","Y","7932496990","false"
"SCCM,SNOW","25254694","Jared Breland","http://www.legroom.net/","3","","","","","Y","7932496990","false"
"SCCM,SNOW","25255749","Shure","http://www.shure.com/","3","Private","+852 2892 4290","","","Y","7932496990","false"
"SCCM,SNOW","25256212","The Document Foundation","http://www.libreoffice.org/","3","Private","","","","Y","7932496990","false"
"SCCM,SNOW","25257075","Florian Heidenreich","http://www.mp3tag.de","3","","","","","Y","7932496990","false"
"SCCM,SNOW","25262609","PreSonus Audio Electronics","http://www.presonus.com/","3","Private","","","","Y","7932496990","false"
"SCCM,SNOW","26029619","ideaMK","http://ideamk.com/","3","Private","","","","Y","7932496990","false"
"SCCM,SNOW","26029622","Comfort Software Group","http://www.comfort-software.com/","3","Private","","","","Y","7932496990","false"
"SCCM,SNOW","26034666","SpiceBrains","http://spicebrains.com/","3","Private","","","","Y","7932496990","false"
"SCCM,SNOW","26144874","Realtime Soft","http://www.realtimesoft.com/","3","Private","","","","Y","7932496990","false"
"SCCM,SNOW","26155617","Macroplant","http://www.macroplant.com/","3","Private","","","","Y","7932496990","false"
"SCCM,SNOW","26187762","mRemoteNG","http://www.mremoteng.org/","3","Private","","","","Y","7932496990","false"
"SCCM,SNOW","26261859","XML Copy Editor Project","http://xml-copy-editor.sourceforge.net/","3","Private","","","","Y","7932496990","false"
"SCCM,SNOW","26266654","Gpg4win","http://www.gpg4win.org/","3","Private","","","","Y","7932496990","false"
"SCCM,SNOW","26282518","Unity Technologies","http://unity3d.com/","3","Private","","","","Y","7932496990","false"
"SCCM,SNOW","26283372","XK72","http://www.charlesproxy.com","3","Private","","","","Y","7932496990","false"
"SCCM,SNOW","26287238","S & S Computing","http://www.sandscomputing.com/","3","Private","","","","Y","7932496990","false"
"SCCM,SNOW","26290178","HandBrake Project","http://handbrake.fr/","3","Private","","","","Y","7932496990","false"
"SCCM,SNOW","27063665","Razer","http://www.razerzone.com/","3","Private","","","","Y","7932496990","false"
"SCCM,SNOW","27201429","RobWare","http://www.robware.net/","3","Private","","","","Y","7932496990","false"
"SCCM,SNOW","29681545","NeoSmart Technologies","http://neosmart.net/","3","Private","","","","Y","7932496990","false"
"SCCM,SNOW","30038608","NLog Project","http://nlog-project.org/","3","Private","","","","Y","7932496990","false"
"SCCM,SNOW","30143741","Final Draft","http://www.finaldraft.com/","3","","","","","Y","7932496990","false"
"SCCM,SNOW","36845898","Box","https://www.box.com/","3","Private","","","Redwood City","Y","7932496990","false"
"SCCM,SNOW","36855168","Pidgin","http://www.pidgin.im/","3","Private","","","","Y","7932496990","false"
"SCCM,SNOW","38677763","SlimWare Utilities","https://www.slimwareutilities.com","3","","","United States","New York","Y","7932496990","false"
"SCCM,SNOW","38807848","COZYROC","http://www.cozyroc.com","3","Private","","","","Y","7932496990","false"
"SCCM,SNOW","40044663","Greenshot","http://getgreenshot.org","3","Private","","","","Y","7932496990","false"
"SCCM,SNOW","40772547","Kovid Goyal","http://calibre-ebook.com/","3","Private","","","","Y","7932496990","false"
"SCCM,SNOW","40855695","Stefan Kung","http://tools.tortoisesvn.net/","3","Private","","","","Y","7932496990","false"
"SCCM,SNOW","41185042","Renewed Vision","http://www.renewedvision.com","3","Private","","","","Y","7932496990","false"
"SCCM,SNOW","41500792","Couchbase","http://www.couchbase.com/","3","Private","","","","Y","7932496990","false"
"SCCM,SNOW","42369417","MatchWare","http://www.matchware.com/","3","Private","+1 813-254-6644","","","Y","7932496990","false"
"SCCM,SNOW","42972195","BlueStacks","http://www.bluestacks.com/","3","Private","","","","Y","7932496990","false"
"SCCM,SNOW","42972390","Woodman Labs","http://gopro.com/","3","Private","","","","Y","7932496990","false"
"SCCM,SNOW","42972404","Cjwdev","http://www.cjwdev.com/","3","Private","","","","Y","7932496990","false"
"SCCM,SNOW","44578069","Dimitri van Heesch","https://github.com/doxygen","3","Private","","","","Y","7932496990","false"
"SCCM,SNOW","45100653","Veritas","http://www.veritas.com","1","Private","1 866 837 4827","United States","Mountain View","Y","7932496990","false"
"SCCM,SNOW","45256581","Avanset","http://www.avanset.com/","3","Private","","","","Y","7932496990","false"
"SCCM,SNOW","46404015","Litera","http://www.litera.com/","3","Private","","","","Y","7932496990","false"
"SCCM,SNOW","47447699","Squirrels","http://www.airsquirrels.com/","3","Private","","","North Canton","Y","7932496990","false"
"SCCM,SNOW","49524480","Apricity Software","http://markdownpad.com/","3","Private","","","","Y","7932496990","false"
"SCCM,SNOW","49723765","Eyeo","https://eyeo.com/","3","Private","+49 221 6430630","Germany","Cologne","Y","7932496990","false"
"SCCM,SNOW","51269461","Atomi Systems","http://atomisystems.com/","3","Private","","","","Y","7932496990","false"
"SCCM,SNOW","51914904","DTS","http://www.dts.com","3","DTSI","+1 818-735-4200","","","Y","7932496990","false"
"SCCM,SNOW","58666842","Squid Software Foundation, The","http://www.squid-cache.org","3","Private","","","","Y","7932496990","false"
"SCCM,SNOW","60453981","Philippe JOUNIN","http://philippe.jounin.pagesperso-orange.fr/","3","Private","","","","Y","7932496990","false"
"SCCM,SNOW","60659327","Sysprogs","http://sysprogs.com/","3","Private","","","","Y","7932496990","false"
"SCCM,SNOW","61098004","NetSDK Software","http://netsdk.com/","3","Private","","","","Y","7932496990","false"
"SCCM,SNOW","61378114","OpenVPN Technologies","http://openvpn.net/","3","Private","","","","Y","7932496990","false"
"SCCM,SNOW","63799307","Task Coach Project, The","http://taskcoach.org/index.html","3","Private","","","","Y","7932496990","false"
"SCCM,SNOW","64839819","Alex Thuring","http://sourceforge.net/u/ntalex/profile/","3","Private","","","","Y","7932496990","false"
"SCCM,SNOW","66231989","GoPro","http://gopro.com/","3","Private","","","","Y","7932496990","false"
"SCCM,SNOW","66980544","Ivo Beltchev","http://www.classicshell.net/","3","Private","","","","Y","7932496990","false"
"SCCM,SNOW","67153311","Krzysztof Kowalczyk","http://blog.kowalczyk.info/","3","Private","","United States","San Diego","Y","7932496990","false"
"SCCM,SNOW","67615239","Power Software","http://www.winarchiver.com/","3","Private","","","","Y","7932496990","false"
"SCCM,SNOW","68208033","Kevin Atkinson","http://aspell.net/","3","Private","","","","Y","7932496990","false"
"SCCM,SNOW","74358354","Jim Radford","https://code.google.com/p/superputty/","3","Private","","","","Y","7932496990","false"
"SCCM,SNOW","78675279","TiVo","http://www.tivo.com/","3","Private","","","","Y","7932496990","false"
"SCCM,SNOW","78698360","Anton Keks","http://angryip.org/","3","Private","","","","Y","7932496990","false"
"SCCM,SNOW","78700654","Enthought","https://www.enthought.com/","3","Private","","","","Y","7932496990","false"
"SCCM,SNOW","78727119","Gibraltar Software","http://www.gibraltarsoftware.com/","3","Private","","","Timonium","Y","7932496990","false"
"SCCM,SNOW","79005611","JRiver","http://www.jriver.com/","3","Private","612 677 8200","United States","Minneapolis","Y","7932496990","false"
"SCCM,SNOW","80996458","Robert Chartier","http://weblogs.asp.net/rchartier","3","Private","","","","Y","7932496990","false"
"SCCM,SNOW","81433684","Cockos","http://www.cockos.com/","3","Private","","","","Y","7932496990","false"
"SCCM,SNOW","82773828","Arduino","http://arduino.cc/","3","Private","","","","Y","7932496990","false"
"SCCM,SNOW","90341362","Ext2Fsd Project, The","http://www.ext2fsd.com/","3","Private","","","","Y","7932496990","false"
"SCCM,SNOW","90897300","Ilja Herlein","http://www.netsetman.com/?lang=en","3","Private","","","","Y","7932496990","false"
"SCCM,SNOW","91652280","CGM Technology Services","http://www.ematek.de/","3","Private","","","","Y","7932496990","false"
"SCCM,SNOW","97319714","Elaborate Bytes","https://www.elby.ch/","3","Private","","","","Y","7932496990","false"
"SCCM,SNOW","102557997","FreeFileSync","http://www.freefilesync.org/","3","Private","","","","Y","7932496990","false"
"SCCM,SNOW","104472872","Mladen Prajdic","http://www.ssmstoolspack.com/","3","Private","","","","Y","7932496990","false"
"SCCM,SNOW","109017523","Grammarly","https://www.grammarly.com/","3","Private","","United States","San Francisco","Y","7932496990","false"
"SCCM,SNOW","111036210","Peter Pawlowski","http://perkele.cc/","3","Private","","","","Y","7932496990","false"
"SCCM,SNOW","123426619","Apache Friends","https://www.apachefriends.org/index.html","3","Private","","","","Y","7932496990","false"
"SCCM,SNOW","124073995","Sergey Serkov","http://www.xdlab.ru/en/","3","Private","","","","Y","7932496990","false"
"SCCM,SNOW","126869365","DB Browser for SQLite","http://sqlitebrowser.org/","3","Private","","","","Y","7932496990","false"
"SCCM,SNOW","136987795","Arvato","https://www.arvato.com","3","Private","","","","Y","7932496990","false"
"SCCM,SNOW","137478549","IDRIX","https://www.idrix.fr/Root/","3","Private","","","","Y","7932496990","false"
"SCCM,SNOW","137479678","Igor Malinovskiy","http://redisdesktop.com/","3","Private","","","","Y","7932496990","false"
"SCCM,SNOW","138024680","Avery Products","http://www.avery.com/","3","Private","(02) 9843 0777","Australia","Castle Hill","Y","7932496990","false"
"SCCM,SNOW","138645361","Megaify Software","http://www.drivertoolkit.com/","3","Private","","","","Y","7932496990","false"
"SCCM,SNOW","143649120","Solutions Crew","http://www.ssmsboost.com/","3","Private","","","","Y","7932496990","false"
"SCCM,SNOW","145201327","Blue Jeans Network","http://bluejeans.com/","3","Private","(800) 403-9256","United States","Mountain View","Y","7932496990","false"
"SCCM,SNOW","146549415","BrightFort","https://www.brightfort.com/","3","Private","","United States","Pittsburgh","Y","7932496990","false"
"SCCM,SNOW","148368094","Tilf","http://www.tilf.se/","3","Private","","","","Y","7932496990","false"
"SCCM,SNOW","159005764","Harman International Industries","https://www.harman.com/","3","HAR","","United States","Stamford","Y","7932496990","false"
"SCCM,SNOW","197093671","Blue Labs","http://www.openfreely.com/","3","Private","","","","Y","7932496990","false"
"SCCM,SNOW","202021350","Jamie O'Connell","http://www.midiox.com/","3","Private","","","","Y","7932496990","false"
"SCCM,SNOW","213049949","HP","http://www.hp.com/","1","HPQ","1-650-8571501","United States","Palo Alto","Y","7932496990","false"
"SCCM,SNOW","213050000","HPE","https://www.hpe.com/","1","HPE","1-650-6875817","United States","Palo Alto","Y","7932496990","false"
"SCCM,SNOW","238223950","TaxAct","http://www.taxact.com/","3","Private","","","","Y","7932496990","false"
"SCCM,SNOW","254518895","Brian Carrier","http://www.sleuthkit.org/","3","Private","","","","Y","7932496990","false"
"SCCM,SNOW","256967947","Ultrapico","http://www.ultrapico.com/","3","Private","","","","Y","7932496990","false"
"SCCM,SNOW","266627720","Node.js Foundation","https://nodejs.org/","3","Private","","United States","San Francisco","Y","7932496990","false"
"SCCM,SNOW","291840228","Evolus","http://pencil.evolus.vn/","3","Private","","","","Y","7932496990","false"
"SCCM,SNOW","301696601","Quest","http://www.quest.com/","1","Private","(800) 306-9329","United States","Aliso Viejo","Y","7932496990","false"
"SCCM,SNOW","322240358","Ivanti","http://www.ivanti.com/","2","Private","+1-888-253-6201","United States","South Jordan","Y","7932496990","false"
"SCCM,SNOW","328498174","SonicWALL","http://www.sonicwall.com/","3","Private","+1 888-557-6642","","","Y","7932496990","false"
"SCCM,SNOW","332386493","The Qt Company","https://www.qt.io/","3","Private","","","","Y","7932496990","false"
"SCCM,SNOW","358940488","Triola Stats","https://www.triolastats.com/","3","Private","","","","Y","7932496990","false"
"SCCM,SNOW","360257164","iterate","https://iterate.ch/","3","Private","","","","Y","7932496990","false"
"SCCM,SNOW","360258771","QSC","https://www.qsc.com/","3","Private","(714) 754-6175","","","Y","7932496990","false"
"SCCM,SNOW","412047630","Audinate","https://www.audinate.com/?lang=en","3","Private","","","","Y","7932496990","false"
"SCCM,SNOW","426718254","WinPcap Team","https://www.winpcap.org/","3","Private","","United States","","Y","7932496990","false"
"SCCM,SNOW","429673339","Royal Applications Team","https://www.royalapplications.com/","3","Private","","","","Y","7932496990","false"
"SCCM,SNOW","435377400","Pingman Tools","http://www.pingman.com/","3","Private","+1 208-345-0030","","","Y","7932496990","false"
"SCCM,SNOW","441382502","Symless","https://symless.com/","3","Private","","","","Y","7932496990","false"
"SCCM,SNOW","442549357","Dell Technologies","http://delltechnologies.com/","1","NYSE: DELL","1-800-2893355","United States","Round Rock","Y","7932496990","false"
"SCCM,SNOW","470851284","Anaconda","https://www.anaconda.com","3","","+1 (512) 222-5440","United States","Austin","Y","7932496990","false"
"SCCM,SNOW","472159979","Quicken","https://www.quicken.com/","3","Private","650-564-3399","United States","Menlo Park","Y","7932496990","false"
"SCCM,SNOW","510554818","Tomasz Mon","http://desowin.org/index.html","3","","","Poland","","Y","7932496990","false"
"SCCM,SNOW","515660548","Luis Cobian","http://www.cobiansoft.com/","3","Private","","","","Y","7932496990","false"
"SCCM,SNOW","559369279","Recast Software","http://www.recastsoftware.com/#demo","3","Private","(800) 641-3210","United States","Saint Paul","Y","7932496990","false"
"SCCM,SNOW","565789341","Trimble","http://www.trimble.com","3","TRMB","408-4818000","United States","Sunnyvale","Y","7932496990","false"
"SCCM,SNOW","568634863","Fuze","https://www.fuze.com/","3","Private","800-890-1553","United States","Boston","Y","7932496990","false"
"SCCM,SNOW","571150877","u-blox","https://www.u-blox.com","3","Private","+41 44 722 74 44","Switzerland","Thalwil","Y","7932496990","false"
"SCCM,SNOW","596176471","PwC","https://www.pwc.com/us/en/about-us.html","3","","","","","Y","7932496990","false"
"SCCM,SNOW","639389483","SentryOne","https://www.sentryone.com/","3","Private","+1-704-895-6241","United States","Charlotte","Y","7932496990","false"
"SCCM,SNOW","708459982","support.com","https://www.support.com/about-us/","3","Private","1-650-556-9440","United States","Sunnyvale","Y","7932496990","false"
"SCCM,SNOW","794786514","AutoIt Consulting","https://www.autoitconsulting.com/","3","Private","","","","Y","7932496990","false"
"SCCM,SNOW","795890406","BI Developer Extensions","https://bideveloperextensions.github.io/","3","Private","","","","Y","7932496990","false"
"SCCM,SNOW","808721140","AutoHotkey Foundation","https://www.autohotkey.com/","3","Private","","","","Y","7932496990","false"
"SCCM,SNOW","867460370","Galvanize","https://www.wegalvanize.com/","3","Private","+1 604 669 4225","Canada","Vancouver","Y","7932496990","false"
"SCCM,SNOW","873068667","Radionomy","https://www.radionomy.com/","3","Private","","","","Y","7932496990","false"
"SCCM,SNOW","889296518","LINQPad","https://www.linqpad.net/","3","Private","","","","Y","7932496990","false"
"SCCM,SNOW","988478815","RandyRants","https://www.randyrants.com/software/","3","Private","","","","Y","7932496990","false"
"SCCM,SNOW","1016122083","Adobe","http://www.adobe.com/","1","ADBE","408-536-6000","United States","San Jose","Y","7932496990","false"
"SCCM,SNOW","1042615289","SmartDraw","http://www.smartdraw.com/","3","Private","800-768-3729","United States","San Diego","Y","7932496990","false"
"SCCM,SNOW","1056054913","Precisely","https://www.precisely.com/","3","Private","+1 (877) 700 0970","United States","Pearl River","Y","7932496990","false"
"SCCM,SNOW","1065447357","Sober Lemur","https://soberlemur.com/","3","private","","","","Y","7932496990","false"
"SCCM,SNOW","1070874337","ISOTOUSB","http://www.isotousb.com/","3","Private","","","","Y","7932496990","false"
"SNOW","4388","ADTRAN","http://www.adtran.com/","3","ADTN","1-256-9638000","United States","Huntsville","","7932496990","false"
"SNOW","5516","Cyberpower","http://www.cyberpowersystem.com/","3","Private","+1 800-707-0393","","","","7932496990","false"
"SNOW","6278","Gateway","http://www.gateway.com/","1","Private","949-471-7000","United States","Irvine","","7932496990","false"
"SNOW","7053","Lenovo","http://www.lenovo.com/","1","LNVGY","866-458-4465","United States","Morrisville","","7932496990","false"
"SNOW","8282","Red Hat","http://www.redhat.com/","2","Private","1-919-754-3700","United States","Raleigh","Y","7932496990","false"
"SNOW","16485","ASUSTeK Computer","http://www.asus.com/index.aspx","2","TPE:2357","886-2-28943447","China","Taipei","","7932496990","false"
"SNOW","16549","Sharp Electronics","http://www.sharpusa.com/","1","Private","201-529-8200","United States","Mahwah","","7932496990","false"
"SNOW","1074318","IRIS Software","http://www.iris.co.uk/","3","Private","0344 844 9644","United Kingdom","","","7932496990","false"
"SNOW","10008759","ej-technologies","http://www.ej-technologies.com","3","Private","","","","Y","7932496990","false"
"SNOW","51889969","iBUYPOWER","http://www.ibuypower.com","3","Private","","","","","7932496990","false"
