"name","data_source","correlation_id","model_number","model_id_id","serial_number","memory","cpus","sys_domain","disks_size","manufacturer_id","data_token","is_deleted"
"BDNASC20000","SCCM","SCCM_SERIALSC20000BDNACORP\BDNASC20000","","","SERIALSC20000","12582392","2","BDNACORP","99.9","9569","7932496990","false"
"BDNASC20001","SCCM","SCCM_SERIALSC20001BDNACORP\BDNASC20001","","","SERIALSC20001","8388088","2","BDNACORP","114.9","9569","7932496990","false"
"BDNASC20002","SCCM","SCCM_SERIALSC20002BDNACORP\BDNASC20002","","","SERIALSC20002","16776756","2","BDNACORP","159.7","9569","7932496990","false"
"BDNASC20003","SCCM","SCCM_SERIALSC20003BDNACORP\BDNASC20003","","","SERIALSC20003","16776760","2","BDNACORP","139.9","9569","7932496990","false"
"BDNASC20004","SCCM","SCCM_SERIALSC20004BDNACORP\BDNASC20004","","","SERIALSC20004","16776756","2","BDNACORP","159.7","9569","7932496990","false"
"BDNASC20005","SCCM","SCCM_SERIALSC20005BDNACORP\BDNASC20005","","","SERIALSC20005","8388152","2","BDNACORP","89.9","9569","7932496990","false"
"BDNASC20007","SCCM","SCCM_SERIALSC20007BDNACORP\BDNASC20007","","","SERIALSC20007","16776756","2","BDNACORP","119.5","9569","7932496990","false"
"BDNASC20010","SCCM","SCCM_SERIALSC20010BDNACORP\BDNASC20010","","","SERIALSC20010","16776756","4","BDNACORP","809.6","9569","7932496990","false"
"BDNASC20012","SCCM","SCCM_SERIALSC20012BDNACORP\BDNASC20012","","","SERIALSC20012","16776756","2","BDNACORP","159.7","9569","7932496990","false"
"BDNASC20013","SCCM","SCCM_SERIALSC20013BDNACORP\BDNASC20013","","","SERIALSC20013","4095192","4","BDNACORP","50","9569","7932496990","false"
"BDNASC20017","SCCM","SCCM_SERIALSC20017BDNACORP\BDNASC20017","","","SERIALSC20017","16776756","2","BDNACORP","159.7","9569","7932496990","false"
"BDNASC20019","SCCM","SCCM_SERIALSC20019BDNACORP\BDNASC20019","","","SERIALSC20019","8388148","2","BDNACORP","59.7","9569","7932496990","false"
"BDNASC20020","SCCM","SCCM_SERIALSC20020BDNACORP\BDNASC20020","","","SERIALSC20020","8388148","2","BDNACORP","159.7","9569","7932496990","false"
"BDNASC20023","SCCM","SCCM_SERIALSC20023BDNACORP\BDNASC20023","","","SERIALSC20023","8388148","1","BDNACORP","59.7","9569","7932496990","false"
"BDNASC20024","SCCM","SCCM_SERIALSC20024BDNACORP\BDNASC20024","","","SERIALSC20024","4193844","1","BDNACORP","59.7","9569","7932496990","false"
"BDNASC20025","SCCM","SCCM_SERIALSC20025BDNACORP\BDNASC20025","","","SERIALSC20025","4193844","1","BDNACORP","79.5","9569","7932496990","false"
"BDNASC20029","SCCM","SCCM_SERIALSC20029BDNACORP\BDNASC20029","","","SERIALSC20029","6290996","2","BDNACORP","124.6","9569","7932496990","false"
"BDNASC20030","SCCM","SCCM_SERIALSC20030BDNACORP\BDNASC20030","","","SERIALSC20030","4193848","2","BDNACORP","59.9","9569","7932496990","false"
"BDNASC20035","SCCM","SCCM_SERIALSC20035BDNACORP\BDNASC20035","","","SERIALSC20035","4193784","2","BDNACORP","59.9","9569","7932496990","false"
"BDNASC20037","SCCM","SCCM_SERIALSC20037BDNACORP\BDNASC20037","","","SERIALSC20037","8388148","2","BDNACORP","139.5","9569","7932496990","false"
"BDNASC20038","SCCM","SCCM_SERIALSC20038BDNACORP\BDNASC20038","","","SERIALSC20038","8388152","4","BDNACORP","89.9","9569","7932496990","false"
"BDNASC20045","SCCM","SCCM_SERIALSC20045BDNACORP\BDNASC20045","","","SERIALSC20045","16776756","2","BDNACORP","159.7","9569","7932496990","false"
"BDNASC20046","SCCM","SCCM_SERIALSC20046BDNACORP\BDNASC20046","","","SERIALSC20046","16776696","2","BDNACORP","419.9","9569","7932496990","false"
"BDNASC20048","SCCM","SCCM_SERIALSC20048BDNACORP\BDNASC20048","","","SERIALSC20048","16776756","2","BDNACORP","59.7","9569","7932496990","false"
"BDNASC20049","SCCM","SCCM_SERIALSC20049BDNACORP\BDNASC20049","","","SERIALSC20049","8388148","2","BDNACORP","99.7","9569","7932496990","false"
"BDNASC20052","SCCM","SCCM_SERIALSC20052BDNACORP\BDNASC20052","","","SERIALSC20052","4193784","2","BDNACORP","79.9","9569","7932496990","false"
"BDNASC20055","SCCM","SCCM_SERIALSC20055BDNACORP\BDNASC20055","","","SERIALSC20055","16776756","2","BDNACORP","59.7","9569","7932496990","false"
"BDNASC20056","SCCM","SCCM_SERIALSC20056BDNACORP\BDNASC20056","","","SERIALSC20056","4193784","2","BDNACORP","99.9","9569","7932496990","false"
"BDNASC20058","SCCM","SCCM_SERIALSC20058BDNACORP\BDNASC20058","","","SERIALSC20058","4193784","2","BDNACORP","79.9","9569","7932496990","false"
"BDNASC20060","SCCM","SCCM_SERIALSC20060BDNACORP\BDNASC20060","","","SERIALSC20060","4193784","2","BDNACORP","79.9","9569","7932496990","false"
"BDNASC20061","SCCM","SCCM_SERIALSC20061BDNACORP\BDNASC20061","","","SERIALSC20061","16776756","2","BDNACORP","59.7","9569","7932496990","false"
"BDNASC20063","SCCM","SCCM_SERIALSC20063BDNACORP\BDNASC20063","","","SERIALSC20063","16776756","2","BDNACORP","119.5","9569","7932496990","false"
"BDNASC20064","SCCM","SCCM_SERIALSC20064BDNACORP\BDNASC20064","","","SERIALSC20064","4193784","2","BDNACORP","79.9","9569","7932496990","false"
"BDNASC20066","SCCM","SCCM_SERIALSC20066BDNACORP\BDNASC20066","","","SERIALSC20066","4193784","2","BDNACORP","119.9","9569","7932496990","false"
"BDNASC20067","SCCM","SCCM_SERIALSC20067BDNACORP\BDNASC20067","","","SERIALSC20067","4193848","2","BDNACORP","79.9","9569","7932496990","false"
"BDNASC20070","SCCM","SCCM_SERIALSC20070BDNACORP\BDNASC20070","","","SERIALSC20070","20971060","2","BDNACORP","119.5","9569","7932496990","false"
"BDNASC20074","SCCM","SCCM_SERIALSC20074BDNACORP\BDNASC20074","","","SERIALSC20074","3145272","1","BDNACORP","99.9","9569","7932496990","false"
"BDNASC20077","SCCM","SCCM_SERIALSC20077BDNACORP\BDNASC20077","","","SERIALSC20077","8388088","4","BDNACORP","259.9","9569","7932496990","false"
"BDNASC20078","SCCM","SCCM_SERIALSC20078BDNACORP\BDNASC20078","","","SERIALSC20078","134217268","2","BDNACORP","1564.5","9569","7932496990","false"
"BDNASC20080","SCCM","SCCM_SERIALSC20080BDNACORP\BDNASC20080","","","SERIALSC20080","4192864","1","BDNACORP","72","9569","7932496990","false"
"BDNASC20084","SCCM","SCCM_SERIALSC20084BDNACORP\BDNASC20084","","","SERIALSC20084","16776756","2","BDNACORP","99.7","9569","7932496990","false"
"BDNASC20094","SCCM","SCCM_SERIALSC20094BDNACORP\BDNASC20094","","","SERIALSC20094","33553972","2","BDNACORP","179.7","9569","7932496990","false"
"BDNASC20096","SCCM","SCCM_SERIALSC20096BDNACORP\BDNASC20096","","","SERIALSC20096","33553976","2","BDNACORP","200","9569","7932496990","false"
"BDNASC20107","SCCM","SCCM_SERIALSC20107BDNACORP\BDNASC20107","","","SERIALSC20107","8388152","4","BDNACORP","89.9","9569","7932496990","false"
"BDNASC20110","SCCM","SCCM_SERIALSC20110BDNACORP\BDNASC20110","","","SERIALSC20110","16776756","4","BDNACORP","159.7","9569","7932496990","false"
"BDNASC20116","SCCM","SCCM_SERIALSC20116BDNACORP\BDNASC20116","","","SERIALSC20116","8388152","2","BDNACORP","119.9","9569","7932496990","false"
"BDNASC20117","SCCM","SCCM_SERIALSC20117BDNACORP\BDNASC20117","","","SERIALSC20117","4193784","2","BDNACORP","79.9","9569","7932496990","false"
"BDNASC20118","SCCM","SCCM_SERIALSC20118BDNACORP\BDNASC20118","","","SERIALSC20118","4193784","2","BDNACORP","79.9","9569","7932496990","false"
"BDNASC20120","SCCM","SCCM_SERIALSC20120BDNACORP\BDNASC20120","","","SERIALSC20120","4193784","2","BDNACORP","79.9","9569","7932496990","false"
"BDNASC20121","SCCM","SCCM_SERIALSC20121BDNACORP\BDNASC20121","","","SERIALSC20121","16776756","2","BDNACORP","119.5","9569","7932496990","false"
"BDNASC20122","SCCM","SCCM_SERIALSC20122BDNACORP\BDNASC20122","","","SERIALSC20122","4193844","2","BDNACORP","59.7","9569","7932496990","false"
"BDNASC20128","SCCM","SCCM_SERIALSC20128BDNACORP\BDNASC20128","","","SERIALSC20128","4193784","2","BDNACORP","119.9","9569","7932496990","false"
"BDNASC20132","SCCM","SCCM_SERIALSC20132BDNACORP\BDNASC20132","","","SERIALSC20132","16776756","2","BDNACORP","119.5","9569","7932496990","false"
"BDNASC20135","SCCM","SCCM_SERIALSC20135BDNACORP\BDNASC20135","","","SERIALSC20135","8388152","4","BDNACORP","89.9","9569","7932496990","false"
"BDNASC20136","SCCM","SCCM_SERIALSC20136BDNACORP\BDNASC20136","","","SERIALSC20136","16776756","2","BDNACORP","559.5","9569","7932496990","false"
"BDNASC20144","SCCM","SCCM_SERIALSC20144BDNACORP\BDNASC20144","","","SERIALSC20144","4193844","2","BDNACORP","59.7","9569","7932496990","false"
"BDNASC20146","SCCM","SCCM_SERIALSC20146BDNACORP\BDNASC20146","","","SERIALSC20146","4193844","2","BDNACORP","59.7","9569","7932496990","false"
"BDNASC20153","SCCM","SCCM_SERIALSC20153BDNACORP\BDNASC20153","","","SERIALSC20153","6291000","2","BDNACORP","109.9","9569","7932496990","false"
"BDNASC20155","SCCM","SCCM_SERIALSC20155BDNACORP\BDNASC20155","","","SERIALSC20155","4193784","2","BDNACORP","69.9","9569","7932496990","false"
"BDNASC20164","SCCM","SCCM_SERIALSC20164BDNACORP\BDNASC20164","","","SERIALSC20164","33553912","3","BDNACORP","1179.9","9569","7932496990","false"
"BDNASC20174","SCCM","SCCM_SERIALSC20174BDNACORP\BDNASC20174","","","SERIALSC20174","4193784","2","BDNACORP","59.9","9569","7932496990","false"
"BDNASC20175","SCCM","SCCM_SERIALSC20175BDNACORP\BDNASC20175","","","SERIALSC20175","4193784","2","BDNACORP","114.9","9569","7932496990","false"
"BDNASC20178","SCCM","SCCM_SERIALSC20178BDNACORP\BDNASC20178","","","SERIALSC20178","16776756","4","BDNACORP","159.7","9569","7932496990","false"
"BDNASC20179","SCCM","SCCM_SERIALSC20179BDNACORP\BDNASC20179","","","SERIALSC20179","8388148","2","BDNACORP","119.7","9569","7932496990","false"
"BDNASC20180","SCCM","SCCM_SERIALSC20180BDNACORP\BDNASC20180","","","SERIALSC20180","6291000","2","BDNACORP","109.9","9569","7932496990","false"
"BDNASC20185","SCCM","SCCM_SERIALSC20185BDNACORP\BDNASC20185","","","SERIALSC20185","31456820","2","BDNACORP","119.5","9569","7932496990","false"
"BDNASC20186","SCCM","SCCM_SERIALSC20186BDNACORP\BDNASC20186","","","SERIALSC20186","16776756","2","BDNACORP","119.5","9569","7932496990","false"
"BDNASC20189","SCCM","SCCM_SERIALSC20189BDNACORP\BDNASC20189","","","SERIALSC20189","4193784","2","BDNACORP","59.9","9569","7932496990","false"
"BDNASC20192","SCCM","SCCM_SERIALSC20192BDNACORP\BDNASC20192","","","SERIALSC20192","8388152","2","BDNACORP","89.9","9569","7932496990","false"
"BDNASC20194","SCCM","SCCM_SERIALSC20194BDNACORP\BDNASC20194","","","SERIALSC20194","8388148","1","BDNACORP","59.7","9569","7932496990","false"
"BDNASC20197","SCCM","SCCM_SERIALSC20197BDNACORP\BDNASC20197","","","SERIALSC20197","12582392","2","BDNACORP","99.9","9569","7932496990","false"
"BDNASC20198","SCCM","SCCM_SERIALSC20198BDNACORP\BDNASC20198","","","SERIALSC20198","16776756","4","BDNACORP","159.7","9569","7932496990","false"
"BDNASC20203","SCCM","SCCM_SERIALSC20203BDNACORP\BDNASC20203","","","SERIALSC20203","67108404","4","BDNACORP","1344.6","9569","7932496990","false"
"BDNASC20204","SCCM","SCCM_SERIALSC20204BDNACORP\BDNASC20204","","","SERIALSC20204","4193844","2","BDNACORP","59.7","9569","7932496990","false"
"BDNASC20206","SCCM","SCCM_SERIALSC20206BDNACORP\BDNASC20206","","","SERIALSC20206","16776756","2","BDNACORP","679.7","9569","7932496990","false"
"BDNASC20209","SCCM","SCCM_SERIALSC20209BDNACORP\BDNASC20209","","","SERIALSC20209","4193784","2","BDNACORP","79.9","9569","7932496990","false"
"BDNASC20210","SCCM","SCCM_SERIALSC20210BDNACORP\BDNASC20210","","","SERIALSC20210","16776696","4","BDNACORP","209.9","9569","7932496990","false"
"BDNASC20215","SCCM","SCCM_SERIALSC20215BDNACORP\BDNASC20215","","","SERIALSC20215","6291000","2","BDNACORP","109.9","9569","7932496990","false"
"BDNASC20217","SCCM","SCCM_SERIALSC20217BDNACORP\BDNASC20217","","","SERIALSC20217","4193784","2","BDNACORP","109.9","9569","7932496990","false"
"BDNASC20221","SCCM","SCCM_SERIALSC20221BDNACORP\BDNASC20221","","","SERIALSC20221","4193848","1","BDNACORP","99.9","9569","7932496990","false"
"BDNASC20222","SCCM","SCCM_SERIALSC20222BDNACORP\BDNASC20222","","","SERIALSC20222","16776756","2","BDNACORP","159.7","9569","7932496990","false"
"BDNASC20225","SCCM","SCCM_SERIALSC20225BDNACORP\BDNASC20225","","","SERIALSC20225","16776756","2","BDNACORP","119.5","9569","7932496990","false"
"BDNASC20228","SCCM","SCCM_SERIALSC20228BDNACORP\BDNASC20228","","","SERIALSC20228","16776756","4","BDNACORP","159.7","9569","7932496990","false"
"BDNASC20230","SCCM","SCCM_SERIALSC20230BDNACORP\BDNASC20230","","","SERIALSC20230","8388148","2","BDNACORP","99.5","9569","7932496990","false"
"BDNASC20237","SCCM","SCCM_SERIALSC20237BDNACORP\BDNASC20237","","","SERIALSC20237","8388152","1","BDNACORP","39.7","9569","7932496990","false"
"BDNASC20239","SCCM","SCCM_SERIALSC20239BDNACORP\BDNASC20239","","","SERIALSC20239","4193784","2","BDNACORP","119.9","9569","7932496990","false"
"BDNASC20240","SCCM","SCCM_SERIALSC20240BDNACORP\BDNASC20240","","","SERIALSC20240","4193784","2","BDNACORP","459.9","9569","7932496990","false"
"BDNASC20243","SCCM","SCCM_SERIALSC20243BDNACORP\BDNASC20243","","","SERIALSC20243","16776756","2","BDNACORP","179.7","9569","7932496990","false"
"BDNASC20244","SCCM","SCCM_SERIALSC20244BDNACORP\BDNASC20244","","","SERIALSC20244","4193784","2","BDNACORP","119.9","9569","7932496990","false"
"BDNASC20248","SCCM","SCCM_SERIALSC20248BDNACORP\BDNASC20248","","","SERIALSC20248","4193784","2","BDNACORP","109.9","9569","7932496990","false"
"BDNASC20250","SCCM","SCCM_SERIALSC20250BDNACORP\BDNASC20250","","","SERIALSC20250","16776756","2","BDNACORP","1454.6","9569","7932496990","false"
"BDNASC20251","SCCM","SCCM_SERIALSC20251BDNACORP\BDNASC20251","","","SERIALSC20251","8388148","2","BDNACORP","59.7","9569","7932496990","false"
"BDNASC20255","SCCM","SCCM_SERIALSC20255BDNACORP\BDNASC20255","","","SERIALSC20255","4193848","2","BDNACORP","79.9","9569","7932496990","false"
"BDNASC20256","SCCM","SCCM_SERIALSC20256BDNACORP\BDNASC20256","","","SERIALSC20256","67108404","4","BDNACORP","449.6","9569","7932496990","false"
"BDNASC20258","SCCM","SCCM_SERIALSC20258BDNACORP\BDNASC20258","","","SERIALSC20258","8388088","1","BDNACORP","129.9","9569","7932496990","false"
"BDNASC20260","SCCM","SCCM_SERIALSC20260BDNACORP\BDNASC20260","","","SERIALSC20260","8388152","4","BDNACORP","89.9","9569","7932496990","false"
"BDNASC20263","SCCM","SCCM_SERIALSC20263BDNACORP\BDNASC20263","","","SERIALSC20263","4193848","2","BDNACORP","99.9","9569","7932496990","false"
"BDNASC20267","SCCM","SCCM_SERIALSC20267BDNACORP\BDNASC20267","","","SERIALSC20267","12582392","2","BDNACORP","99.9","9569","7932496990","false"
"BDNASC20268","SCCM","SCCM_SERIALSC20268BDNACORP\BDNASC20268","","","SERIALSC20268","31456820","2","BDNACORP","119.5","9569","7932496990","false"
"BDNASC20270","SCCM","SCCM_SERIALSC20270BDNACORP\BDNASC20270","","","SERIALSC20270","6291000","2","BDNACORP","109.9","9569","7932496990","false"
"BDNASC20271","SCCM","SCCM_SERIALSC20271BDNACORP\BDNASC20271","","","SERIALSC20271","8388148","2","BDNACORP","59.7","9569","7932496990","false"
"BDNASC20272","SCCM","SCCM_SERIALSC20272BDNACORP\BDNASC20272","","","SERIALSC20272","16776756","2","BDNACORP","329.5","9569","7932496990","false"
"BDNASC20278","SCCM","SCCM_SERIALSC20278BDNACORP\BDNASC20278","","","SERIALSC20278","16776756","2","BDNACORP","159.7","9569","7932496990","false"
"BDNASC20279","SCCM","SCCM_SERIALSC20279BDNACORP\BDNASC20279","","","SERIALSC20279","4193784","2","BDNACORP","109.9","9569","7932496990","false"
"BDNASC20282","SCCM","SCCM_SERIALSC20282BDNACORP\BDNASC20282","","","SERIALSC20282","16776756","2","BDNACORP","179.7","9569","7932496990","false"
"BDNASC20289","SCCM","SCCM_SERIALSC20289BDNACORP\BDNASC20289","","","SERIALSC20289","8388152","4","BDNACORP","159.9","9569","7932496990","false"
"BDNASC20290","SCCM","SCCM_SERIALSC20290BDNACORP\BDNASC20290","","","SERIALSC20290","8388148","2","BDNACORP","59.7","9569","7932496990","false"
"BDNASC20298","SCCM","SCCM_SERIALSC20298BDNACORP\BDNASC20298","","","SERIALSC20298","4193844","2","BDNACORP","124.6","9569","7932496990","false"
"BDNASC20299","SCCM","SCCM_SERIALSC20299BDNACORP\BDNASC20299","","","SERIALSC20299","16776760","2","BDNACORP","139.9","9569","7932496990","false"
"BDNASC20300","SCCM","SCCM_SERIALSC20300BDNACORP\BDNASC20300","","","SERIALSC20300","16776756","2","BDNACORP","379.7","9569","7932496990","false"
"BDNASC20303","SCCM","SCCM_SERIALSC20303BDNACORP\BDNASC20303","","","SERIALSC20303","4193844","2","BDNACORP","99.7","9569","7932496990","false"
"BDNASC20305","SCCM","SCCM_SERIALSC20305BDNACORP\BDNASC20305","","","SERIALSC20305","4193784","2","BDNACORP","109.9","9569","7932496990","false"
"BDNASC20309","SCCM","SCCM_SERIALSC20309BDNACORP\BDNASC20309","","","SERIALSC20309","68156920","2","BDNACORP","774.9","9569","7932496990","false"
"BDNASC20314","SCCM","SCCM_SERIALSC20314BDNACORP\BDNASC20314","","","SERIALSC20314","4193784","2","BDNACORP","109.9","9569","7932496990","false"
"BDNASC20315","SCCM","SCCM_SERIALSC20315BDNACORP\BDNASC20315","","","SERIALSC20315","2096696","2","BDNACORP","59.9","9569","7932496990","false"
"BDNASC20327","SCCM","SCCM_SERIALSC20327BDNACORP\BDNASC20327","","","SERIALSC20327","4193844","2","BDNACORP","79.7","9569","7932496990","false"
"BDNASC20331","SCCM","SCCM_SERIALSC20331BDNACORP\BDNASC20331","","","SERIALSC20331","16776756","2","BDNACORP","119.5","9569","7932496990","false"
"BDNASC20335","SCCM","SCCM_SERIALSC20335BDNACORP\BDNASC20335","","","SERIALSC20335","8388148","2","BDNACORP","159.7","9569","7932496990","false"
"BDNASC20339","SCCM","SCCM_SERIALSC20339BDNACORP\BDNASC20339","","","SERIALSC20339","4193844","2","BDNACORP","59.7","9569","7932496990","false"
"BDNASC20349","SCCM","SCCM_SERIALSC20349BDNACORP\BDNASC20349","","","SERIALSC20349","4193784","2","BDNACORP","79.9","9569","7932496990","false"
"BDNASC20350","SCCM","SCCM_SERIALSC20350BDNACORP\BDNASC20350","","","SERIALSC20350","16776756","2","BDNACORP","159.7","9569","7932496990","false"
"BDNASC20356","SCCM","SCCM_SERIALSC20356BDNACORP\BDNASC20356","","","SERIALSC20356","4193784","2","BDNACORP","79.9","9569","7932496990","false"
"BDNASC20360","SCCM","SCCM_SERIALSC20360BDNACORP\BDNASC20360","","","SERIALSC20360","4193844","1","BDNACORP","59.7","9569","7932496990","false"
"BDNASC20361","SCCM","SCCM_SERIALSC20361BDNACORP\BDNASC20361","","","SERIALSC20361","6290996","1","BDNACORP","99.7","9569","7932496990","false"
"BDNASC20362","SCCM","SCCM_SERIALSC20362BDNACORP\BDNASC20362","","","SERIALSC20362","4193844","1","BDNACORP","59.7","9569","7932496990","false"
"BDNASC20363","SCCM","SCCM_SERIALSC20363BDNACORP\BDNASC20363","","","SERIALSC20363","6291000","2","BDNACORP","109.9","9569","7932496990","false"
"BDNASC20364","SCCM","SCCM_SERIALSC20364BDNACORP\BDNASC20364","","","SERIALSC20364","4193784","2","BDNACORP","79.9","9569","7932496990","false"
"BDNASC20368","SCCM","SCCM_SERIALSC20368BDNACORP\BDNASC20368","","","SERIALSC20368","4193844","2","BDNACORP","119.7","9569","7932496990","false"
"BDNASC20372","SCCM","SCCM_SERIALSC20372BDNACORP\BDNASC20372","","","SERIALSC20372","4193848","2","BDNACORP","79.9","9569","7932496990","false"
"BDNASC20373","SCCM","SCCM_SERIALSC20373BDNACORP\BDNASC20373","","","SERIALSC20373","4193784","2","BDNACORP","79.9","9569","7932496990","false"
"BDNASC20374","SCCM","SCCM_SERIALSC20374BDNACORP\BDNASC20374","","","SERIALSC20374","4193784","2","BDNACORP","159.9","9569","7932496990","false"
"BDNASC20375","SCCM","SCCM_SERIALSC20375BDNACORP\BDNASC20375","","","SERIALSC20375","2095900","1","BDNACORP","80","9569","7932496990","false"
"BDNASC20378","SCCM","SCCM_SERIALSC20378BDNACORP\BDNASC20378","","","SERIALSC20378","8388148","1","BDNACORP","109.5","9569","7932496990","false"
"BDNASC20379","SCCM","SCCM_SERIALSC20379BDNACORP\BDNASC20379","","","SERIALSC20379","4193844","2","BDNACORP","119.7","9569","7932496990","false"
"BDNASC20381","SCCM","SCCM_SERIALSC20381BDNACORP\BDNASC20381","","","SERIALSC20381","6290996","2","BDNACORP","59.7","9569","7932496990","false"
"BDNASC20390","SCCM","SCCM_SERIALSC20390BDNACORP\BDNASC20390","","","SERIALSC20390","12582452","2","BDNACORP","159.7","9569","7932496990","false"
"BDNASC20393","SCCM","SCCM_SERIALSC20393BDNACORP\BDNASC20393","","","SERIALSC20393","4193784","2","BDNACORP","139.9","9569","7932496990","false"
"BDNASC20400","SCCM","SCCM_SERIALSC20400BDNACORP\BDNASC20400","","","SERIALSC20400","4193784","2","BDNACORP","79.9","9569","7932496990","false"
"BDNASC20404","SCCM","SCCM_SERIALSC20404BDNACORP\BDNASC20404","","","SERIALSC20404","4193784","2","BDNACORP","79.9","9569","7932496990","false"
"BDNASC20406","SCCM","SCCM_SERIALSC20406BDNACORP\BDNASC20406","","","SERIALSC20406","4193784","2","BDNACORP","59.9","9569","7932496990","false"
"BDNASC20407","SCCM","SCCM_SERIALSC20407BDNACORP\BDNASC20407","","","SERIALSC20407","4193784","2","BDNACORP","59.9","9569","7932496990","false"
"BDNASC20413","SCCM","SCCM_SERIALSC20413BDNACORP\BDNASC20413","","","SERIALSC20413","4193784","2","BDNACORP","79.9","9569","7932496990","false"
"BDNASC20416","SCCM","SCCM_SERIALSC20416BDNACORP\BDNASC20416","","","SERIALSC20416","16776756","2","BDNACORP","119.5","9569","7932496990","false"
"BDNASC20423","SCCM","SCCM_SERIALSC20423BDNACORP\BDNASC20423","","","SERIALSC20423","4193844","1","BDNACORP","139.7","9569","7932496990","false"
"BDNASC20430","SCCM","SCCM_SERIALSC20430BDNACORP\BDNASC20430","","","SERIALSC20430","4193844","1","BDNACORP","559.7","9569","7932496990","false"
"BDNASC20433","SCCM","SCCM_SERIALSC20433BDNACORP\BDNASC20433","","","SERIALSC20433","16776756","4","BDNACORP","159.7","9569","7932496990","false"
"BDNASC20443","SCCM","SCCM_SERIALSC20443BDNACORP\BDNASC20443","","","SERIALSC20443","8388088","1","BDNACORP","119.9","9569","7932496990","false"
"BDNASC20454","SCCM","SCCM_SERIALSC20454BDNACORP\BDNASC20454","","","SERIALSC20454","4193848","2","BDNACORP","79.9","9569","7932496990","false"
"BDNASC20456","SCCM","SCCM_SERIALSC20456BDNACORP\BDNASC20456","","","SERIALSC20456","4193496","4","BDNACORP","255","9569","7932496990","false"
"BDNASC20458","SCCM","SCCM_SERIALSC20458BDNACORP\BDNASC20458","","","SERIALSC20458","4193844","2","BDNACORP","59.7","9569","7932496990","false"
"BDNASC20464","SCCM","SCCM_SERIALSC20464BDNACORP\BDNASC20464","","","SERIALSC20464","8388148","2","BDNACORP","69.6","9569","7932496990","false"
"BDNASC20470","SCCM","SCCM_SERIALSC20470BDNACORP\BDNASC20470","","","SERIALSC20470","16776756","4","BDNACORP","159.7","9569","7932496990","false"
"BDNASC20474","SCCM","SCCM_SERIALSC20474BDNACORP\BDNASC20474","","","SERIALSC20474","25165364","2","BDNACORP","159.7","9569","7932496990","false"
"BDNASC20476","SCCM","SCCM_SERIALSC20476BDNACORP\BDNASC20476","","","SERIALSC20476","8388152","4","BDNACORP","89.9","9569","7932496990","false"
"BDNASC20498","SCCM","SCCM_SERIALSC20498BDNACORP\BDNASC20498","","","SERIALSC20498","16776756","4","BDNACORP","159.7","9569","7932496990","false"
"BDNASC20502","SCCM","SCCM_SERIALSC20502BDNACORP\BDNASC20502","","","SERIALSC20502","16776756","4","BDNACORP","379.7","9569","7932496990","false"
"BDNASC20510","SCCM","SCCM_SERIALSC20510BDNACORP\BDNASC20510","","","SERIALSC20510","4193784","2","BDNACORP","59.9","9569","7932496990","false"
"BDNASC20513","SCCM","SCCM_SERIALSC20513BDNACORP\BDNASC20513","","","SERIALSC20513","6291000","2","BDNACORP","109.9","9569","7932496990","false"
"BDNASC20515","SCCM","SCCM_SERIALSC20515BDNACORP\BDNASC20515","","","SERIALSC20515","6290012","2","BDNACORP","90","9569","7932496990","false"
"BDNASC20518","SCCM","SCCM_SERIALSC20518BDNACORP\BDNASC20518","","","SERIALSC20518","8388088","2","BDNACORP","99.9","9569","7932496990","false"
"BDNASC20524","SCCM","SCCM_SERIALSC20524BDNACORP\BDNASC20524","","","SERIALSC20524","4193784","2","BDNACORP","109.9","9569","7932496990","false"
"BDNASC20525","SCCM","SCCM_SERIALSC20525BDNACORP\BDNASC20525","","","SERIALSC20525","4193844","1","BDNACORP","109.7","9569","7932496990","false"
"BDNASC20527","SCCM","SCCM_SERIALSC20527BDNACORP\BDNASC20527","","","SERIALSC20527","8388088","2","BDNACORP","129.9","9569","7932496990","false"
"BDNASC20530","SCCM","SCCM_SERIALSC20530BDNACORP\BDNASC20530","","","SERIALSC20530","4193784","2","BDNACORP","109.9","9569","7932496990","false"
"BDNASC20532","SCCM","SCCM_SERIALSC20532BDNACORP\BDNASC20532","","","SERIALSC20532","8388152","2","BDNACORP","279.4","9569","7932496990","false"
"BDNASC20533","SCCM","SCCM_SERIALSC20533BDNACORP\BDNASC20533","","","SERIALSC20533","4193784","2","BDNACORP","119.9","9569","7932496990","false"
"BDNASC20534","SCCM","SCCM_SERIALSC20534BDNACORP\BDNASC20534","","","SERIALSC20534","16776756","1","BDNACORP","109.7","9569","7932496990","false"
"BDNASC20535","SCCM","SCCM_SERIALSC20535BDNACORP\BDNASC20535","","","SERIALSC20535","6291000","2","BDNACORP","109.9","9569","7932496990","false"
"BDNASC20537","SCCM","SCCM_SERIALSC20537BDNACORP\BDNASC20537","","","SERIALSC20537","8388088","2","BDNACORP","79.9","9569","7932496990","false"
"BDNASC20538","SCCM","SCCM_SERIALSC20538BDNACORP\BDNASC20538","","","SERIALSC20538","4193848","2","BDNACORP","159.9","9569","7932496990","false"
"BDNASC20539","SCCM","SCCM_SERIALSC20539BDNACORP\BDNASC20539","","","SERIALSC20539","12582452","2","BDNACORP","159.7","9569","7932496990","false"
"BDNASC20540","SCCM","SCCM_SERIALSC20540BDNACORP\BDNASC20540","","","SERIALSC20540","16776756","4","BDNACORP","159.7","9569","7932496990","false"
"BDNASC20541","SCCM","SCCM_SERIALSC20541BDNACORP\BDNASC20541","","","SERIALSC20541","6291000","2","BDNACORP","109.9","9569","7932496990","false"
"BDNASC20543","SCCM","SCCM_SERIALSC20543BDNACORP\BDNASC20543","","","SERIALSC20543","33554432","2","BDNACORP","604.6","9569","7932496990","false"
"BDNASC20544","SCCM","SCCM_SERIALSC20544BDNACORP\BDNASC20544","","","SERIALSC20544","4193844","2","BDNACORP","109.7","9569","7932496990","false"
"BDNASC20548","SCCM","SCCM_SERIALSC20548BDNACORP\BDNASC20548","","","SERIALSC20548","4193844","2","BDNACORP","59.7","9569","7932496990","false"
"BDNASC20549","SCCM","SCCM_SERIALSC20549BDNACORP\BDNASC20549","","","SERIALSC20549","4193784","1","BDNACORP","84.9","9569","7932496990","false"
"BDNASC20550","SCCM","SCCM_SERIALSC20550BDNACORP\BDNASC20550","","","SERIALSC20550","16776756","2","BDNACORP","119.5","9569","7932496990","false"
"BDNASC20551","SCCM","SCCM_SERIALSC20551BDNACORP\BDNASC20551","","","SERIALSC20551","4193784","2","BDNACORP","109.9","9569","7932496990","false"
"BDNASC20554","SCCM","SCCM_SERIALSC20554BDNACORP\BDNASC20554","","","SERIALSC20554","8388148","1","BDNACORP","159.5","9569","7932496990","false"
"BDNASC20555","SCCM","SCCM_SERIALSC20555BDNACORP\BDNASC20555","","","SERIALSC20555","4193784","2","BDNACORP","79.9","9569","7932496990","false"
"BDNASC20556","SCCM","SCCM_SERIALSC20556BDNACORP\BDNASC20556","","","SERIALSC20556","4193844","1","BDNACORP","69.7","9569","7932496990","false"
"BDNASC20557","SCCM","SCCM_SERIALSC20557BDNACORP\BDNASC20557","","","SERIALSC20557","8388148","2","BDNACORP","119.7","9569","7932496990","false"
"BDNASC20558","SCCM","SCCM_SERIALSC20558BDNACORP\BDNASC20558","","","SERIALSC20558","8388088","2","BDNACORP","119.9","9569","7932496990","false"
"BDNASC20559","SCCM","SCCM_SERIALSC20559BDNACORP\BDNASC20559","","","SERIALSC20559","16776756","1","BDNACORP","59.7","9569","7932496990","false"
"BDNASC20560","SCCM","SCCM_SERIALSC20560BDNACORP\BDNASC20560","","","SERIALSC20560","4193844","1","BDNACORP","59.7","9569","7932496990","false"
"BDNASC20561","SCCM","SCCM_SERIALSC20561BDNACORP\BDNASC20561","","","SERIALSC20561","8388148","2","BDNACORP","109.5","9569","7932496990","false"
"BDNASC20562","SCCM","SCCM_SERIALSC20562BDNACORP\BDNASC20562","","","SERIALSC20562","4193844","2","BDNACORP","159.5","9569","7932496990","false"
"BDNASC20563","SCCM","SCCM_SERIALSC20563BDNACORP\BDNASC20563","","","SERIALSC20563","4193844","1","BDNACORP","59.7","9569","7932496990","false"
"BDNASC20564","SCCM","SCCM_SERIALSC20564BDNACORP\BDNASC20564","","","SERIALSC20564","4193844","1","BDNACORP","59.7","9569","7932496990","false"
"BDNASC20565","SCCM","SCCM_SERIALSC20565BDNACORP\BDNASC20565","","","SERIALSC20565","16776756","2","BDNACORP","159.7","9569","7932496990","false"
"BDNASC20566","SCCM","SCCM_SERIALSC20566BDNACORP\BDNASC20566","","","SERIALSC20566","16776756","2","BDNACORP","109.7","9569","7932496990","false"
"BDNASC20567","SCCM","SCCM_SERIALSC20567BDNACORP\BDNASC20567","","","SERIALSC20567","4193784","2","BDNACORP","109.9","9569","7932496990","false"
"BDNASC20569","SCCM","SCCM_SERIALSC20569BDNACORP\BDNASC20569","","","SERIALSC20569","8388088","2","BDNACORP","59.9","9569","7932496990","false"
"BDNASC20572","SCCM","SCCM_SERIALSC20572BDNACORP\BDNASC20572","","","SERIALSC20572","4193844","2","BDNACORP","79.7","9569","7932496990","false"
"BDNASC20573","SCCM","SCCM_SERIALSC20573BDNACORP\BDNASC20573","","","SERIALSC20573","4193784","2","BDNACORP","109.9","9569","7932496990","false"
"BDNASC20574","SCCM","SCCM_SERIALSC20574BDNACORP\BDNASC20574","","","SERIALSC20574","33553972","2","BDNACORP","159.7","9569","7932496990","false"
"BDNASC20577","SCCM","SCCM_SERIALSC20577BDNACORP\BDNASC20577","","","SERIALSC20577","8388088","2","BDNACORP","129.9","9569","7932496990","false"
"BDNASC20579","SCCM","SCCM_SERIALSC20579BDNACORP\BDNASC20579","","","SERIALSC20579","134217268","4","BDNACORP","1139.6","9569","7932496990","false"
"BDNASC20581","SCCM","SCCM_SERIALSC20581BDNACORP\BDNASC20581","","","SERIALSC20581","8388152","2","BDNACORP","299.9","9569","7932496990","false"
"BDNASC20582","SCCM","SCCM_SERIALSC20582BDNACORP\BDNASC20582","","","SERIALSC20582","16776756","2","BDNACORP","119.5","9569","7932496990","false"
"BDNASC20583","SCCM","SCCM_SERIALSC20583BDNACORP\BDNASC20583","","","SERIALSC20583","16776756","2","BDNACORP","119.5","9569","7932496990","false"
"BDNASC20584","SCCM","SCCM_SERIALSC20584BDNACORP\BDNASC20584","","","SERIALSC20584","4193784","2","BDNACORP","109.9","9569","7932496990","false"
"BDNASC20586","SCCM","SCCM_SERIALSC20586BDNACORP\BDNASC20586","","","SERIALSC20586","4193848","2","BDNACORP","79.9","9569","7932496990","false"
"BDNASC20587","SCCM","SCCM_SERIALSC20587BDNACORP\BDNASC20587","","","SERIALSC20587","4193784","2","BDNACORP","79.9","9569","7932496990","false"
"BDNASC20588","SCCM","SCCM_SERIALSC20588BDNACORP\BDNASC20588","","","SERIALSC20588","8388152","2","BDNACORP","119.9","9569","7932496990","false"
"BDNASC20590","SCCM","SCCM_SERIALSC20590BDNACORP\BDNASC20590","","","SERIALSC20590","4193848","2","BDNACORP","79.9","9569","7932496990","false"
"BDNASC20591","SCCM","SCCM_SERIALSC20591BDNACORP\BDNASC20591","","","SERIALSC20591","4193844","2","BDNACORP","99.7","9569","7932496990","false"
"BDNASC20594","SCCM","SCCM_SERIALSC20594BDNACORP\BDNASC20594","","","SERIALSC20594","33553972","4","BDNACORP","459.6","9569","7932496990","false"
"BDNASC20595","SCCM","SCCM_SERIALSC20595BDNACORP\BDNASC20595","","","SERIALSC20595","4193784","2","BDNACORP","79.9","9569","7932496990","false"
"BDNASC20597","SCCM","SCCM_SERIALSC20597BDNACORP\BDNASC20597","","","SERIALSC20597","16776756","4","BDNACORP","379.7","9569","7932496990","false"
"BDNASC20598","SCCM","SCCM_SERIALSC20598BDNACORP\BDNASC20598","","","SERIALSC20598","16776756","1","BDNACORP","109.7","9569","7932496990","false"
"BDNASC20601","SCCM","SCCM_SERIALSC20601BDNACORP\BDNASC20601","","","SERIALSC20601","4193784","2","BDNACORP","79.9","9569","7932496990","false"
"BDNASC20602","SCCM","SCCM_SERIALSC20602BDNACORP\BDNASC20602","","","SERIALSC20602","6291000","2","BDNACORP","109.9","9569","7932496990","false"
"BDNASC20603","SCCM","SCCM_SERIALSC20603BDNACORP\BDNASC20603","","","SERIALSC20603","16776696","1","BDNACORP","99.9","9569","7932496990","false"
"BDNASC20604","SCCM","SCCM_SERIALSC20604BDNACORP\BDNASC20604","","","SERIALSC20604","25165364","2","BDNACORP","564.1","9569","7932496990","false"
"BDNASC20605","SCCM","SCCM_SERIALSC20605BDNACORP\BDNASC20605","","","SERIALSC20605","8388148","2","BDNACORP","59.7","9569","7932496990","false"
"BDNASC20606","SCCM","SCCM_SERIALSC20606BDNACORP\BDNASC20606","","","SERIALSC20606","4193784","2","BDNACORP","109.9","9569","7932496990","false"
"BDNASC20607","SCCM","SCCM_SERIALSC20607BDNACORP\BDNASC20607","","","SERIALSC20607","8388148","2","BDNACORP","294.1","9569","7932496990","false"
"BDNASC20609","SCCM","SCCM_SERIALSC20609BDNACORP\BDNASC20609","","","SERIALSC20609","8388148","2","BDNACORP","859.5","9569","7932496990","false"
"BDNASC20611","SCCM","SCCM_SERIALSC20611BDNACORP\BDNASC20611","","","SERIALSC20611","4193784","2","BDNACORP","79.9","9569","7932496990","false"
"BDNASC20612","SCCM","SCCM_SERIALSC20612BDNACORP\BDNASC20612","","","SERIALSC20612","8388088","1","BDNACORP","339.9","9569","7932496990","false"
"BDNASC20613","SCCM","SCCM_SERIALSC20613BDNACORP\BDNASC20613","","","SERIALSC20613","8388088","2","BDNACORP","259.9","9569","7932496990","false"
"BDNASC20614","SCCM","SCCM_SERIALSC20614BDNACORP\BDNASC20614","","","SERIALSC20614","4193784","2","BDNACORP","79.9","9569","7932496990","false"
"BDNASC20615","SCCM","SCCM_SERIALSC20615BDNACORP\BDNASC20615","","","SERIALSC20615","8388152","2","BDNACORP","89.9","9569","7932496990","false"
"BDNASC20617","SCCM","SCCM_SERIALSC20617BDNACORP\BDNASC20617","","","SERIALSC20617","16776756","2","BDNACORP","59.7","9569","7932496990","false"
"BDNASC20620","SCCM","SCCM_SERIALSC20620BDNACORP\BDNASC20620","","","SERIALSC20620","4193848","2","BDNACORP","59.9","9569","7932496990","false"
"BDNASC20621","SCCM","SCCM_SERIALSC20621BDNACORP\BDNASC20621","","","SERIALSC20621","16776756","4","BDNACORP","159.7","9569","7932496990","false"
"BDNASC20622","SCCM","SCCM_SERIALSC20622BDNACORP\BDNASC20622","","","SERIALSC20622","8388148","8","BDNACORP","1059.6","9569","7932496990","false"
"BDNASC20623","SCCM","SCCM_SERIALSC20623BDNACORP\BDNASC20623","","","SERIALSC20623","33553972","2","BDNACORP","159.7","9569","7932496990","false"
"BDNASC20624","SCCM","SCCM_SERIALSC20624BDNACORP\BDNASC20624","","","SERIALSC20624","12582452","2","BDNACORP","119.5","9569","7932496990","false"
"BDNASC20625","SCCM","SCCM_SERIALSC20625BDNACORP\BDNASC20625","","","SERIALSC20625","4193844","2","BDNACORP","159.7","9569","7932496990","false"
"BDNASC20627","SCCM","SCCM_SERIALSC20627BDNACORP\BDNASC20627","","","SERIALSC20627","8388088","2","BDNACORP","59.9","9569","7932496990","false"
"BDNASC20628","SCCM","SCCM_SERIALSC20628BDNACORP\BDNASC20628","","","SERIALSC20628","4193784","2","BDNACORP","109.9","9569","7932496990","false"
"BDNASC20629","SCCM","SCCM_SERIALSC20629BDNACORP\BDNASC20629","","","SERIALSC20629","25165304","2","BDNACORP","644.9","9569","7932496990","false"
"BDNASC20631","SCCM","SCCM_SERIALSC20631BDNACORP\BDNASC20631","","","SERIALSC20631","12582392","2","BDNACORP","159.9","9569","7932496990","false"
"BDNASC20632","SCCM","SCCM_SERIALSC20632BDNACORP\BDNASC20632","","","SERIALSC20632","8388088","2","BDNACORP","159.9","9569","7932496990","false"
"BDNASC20633","SCCM","SCCM_SERIALSC20633BDNACORP\BDNASC20633","","","SERIALSC20633","4193848","2","BDNACORP","59.9","9569","7932496990","false"
"BDNASC20634","SCCM","SCCM_SERIALSC20634BDNACORP\BDNASC20634","","","SERIALSC20634","4193848","2","BDNACORP","79.9","9569","7932496990","false"
"BDNASC20635","SCCM","SCCM_SERIALSC20635BDNACORP\BDNASC20635","","","SERIALSC20635","4193844","2","BDNACORP","139.7","9569","7932496990","false"
"BDNASC20636","SCCM","SCCM_SERIALSC20636BDNACORP\BDNASC20636","","","SERIALSC20636","6291000","2","BDNACORP","109.9","9569","7932496990","false"
"BDNASC20848","SCCM","SCCM_SERIALSC20848BDNACORP\BDNASC20848","","","SERIALSC20848","16776756","2","BDNACORP","179.5","9569","7932496990","false"
"BDNASC20901","SCCM","SCCM_SERIALSC20901BDNACORP\BDNASC20901","","","SERIALSC20901","4193848","2","BDNACORP","59.9","9569","7932496990","false"
"BDNASC20906","SCCM","SCCM_SERIALSC20906BDNACORP\BDNASC20906","","","SERIALSC20906","4193784","2","BDNACORP","59.9","9569","7932496990","false"
"BDNASC20907","SCCM","SCCM_SERIALSC20907BDNACORP\BDNASC20907","","","SERIALSC20907","4193848","2","BDNACORP","69.9","9569","7932496990","false"
"BDNASC20908","SCCM","SCCM_SERIALSC20908BDNACORP\BDNASC20908","","","SERIALSC20908","4193848","2","BDNACORP","59.9","9569","7932496990","false"
"BDNASC20910","SCCM","SCCM_SERIALSC20910BDNACORP\BDNASC20910","","","SERIALSC20910","4193844","2","BDNACORP","59.7","9569","7932496990","false"
"BDNASC20918","SCCM","SCCM_SERIALSC20918BDNACORP\BDNASC20918","","","SERIALSC20918","33553912","2","BDNACORP","439.9","9569","7932496990","false"
"BDNASC20920","SCCM","SCCM_SERIALSC20920BDNACORP\BDNASC20920","","","SERIALSC20920","8388148","2","BDNACORP","139.4","9569","7932496990","false"
"BDNASC20921","SCCM","SCCM_SERIALSC20921BDNACORP\BDNASC20921","","","SERIALSC20921","8388148","2","BDNACORP","139.4","9569","7932496990","false"
"BDNASC20922","SCCM","SCCM_SERIALSC20922BDNACORP\BDNASC20922","","","SERIALSC20922","4193844","2","BDNACORP","59.7","9569","7932496990","false"
"BDNASC20938","SCCM","SCCM_SERIALSC20938BDNACORP\BDNASC20938","","","SERIALSC20938","4193848","2","BDNACORP","79.9","9569","7932496990","false"
"BDNASC20939","SCCM","SCCM_SERIALSC20939BDNACORP\BDNASC20939","","","SERIALSC20939","4193784","2","BDNACORP","119.9","9569","7932496990","false"
"BDNASC20942","SCCM","SCCM_SERIALSC20942BDNACORP\BDNASC20942","","","SERIALSC20942","33553912","4","BDNACORP","59.9","9569","7932496990","false"
"BDNASC20962","SCCM","SCCM_SERIALSC20962BDNACORP\BDNASC20962","","","SERIALSC20962","4193848","2","BDNACORP","439.9","9569","7932496990","false"
"BDNASC20963","SCCM","SCCM_SERIALSC20963BDNACORP\BDNASC20963","","","SERIALSC20963","8388148","2","BDNACORP","179.6","9569","7932496990","false"
"BDNASC20964","SCCM","SCCM_SERIALSC20964BDNACORP\BDNASC20964","","","SERIALSC20964","1047260","1","BDNACORP","50","9569","7932496990","false"
"BDNASC20972","SCCM","SCCM_SERIALSC20972BDNACORP\BDNASC20972","","","SERIALSC20972","6291000","2","BDNACORP","109.9","9569","7932496990","false"
"BDNASC20974","SCCM","SCCM_SERIALSC20974BDNACORP\BDNASC20974","","","SERIALSC20974","4192860","2","BDNACORP","40","9569","7932496990","false"
